Date;Brent Price;Carbon Price
20080103;116,969;28,749
20080104;116,683;28,761
20080107;115,714;28,896
20080108;112,845;28,945
20080109;114,22;28,603
20080110;112,821;28,224
20080111;110,251;28,224
20080114;108,876;28,59
20080115;111,088;28,297
20080116;108,768;27,784
20080117;107,187;27,149
20080118;106,289;27,21
20080121;106,864;25,452
20080122;104,804;24,804
20080123;105,93;24,462
20080124;103,738;24,133
20080125;106,672;25,696
20080128;108,864;25,22
20080129;109,439;25,281
20080130;110,181;24,523
20080131;110,816;23,327
20080201;110,433;23,473
20080204;107,116;23,437
20080205;108,349;23,009
20080206;106,373;24,389
20080207;105,127;24,963
20080208;106,002;24,902
20080211;110,11;24,621
20080212;112,014;24,389
20080213;111,211;24,34
20080214;111,777;25,305
20080215;114,459;25,488
20080218;113,821;25,562
20080219;114,158;26,429
20080220;118,549;26,258
20080221;118,38;26,502
20080222;115,758;26,233
20080225;116,684;26,368
20080226;117,502;26,074
20080227;119,643;25,965
20080228;118,2;25,842
20080229;121,363;26,026
20080303;120,401;25,5
20080304;120,858;25,244
20080305;117,298;25,94
20080306;122,253;26,074
20080307;123,42;26,111
20080310;123,143;26,453
20080311;125,284;26,697
20080312;126,595;26,807
20080313;127,784;27,54
20080314;129,168;27,125
20080317;128,864;26,172
20080318;123,465;26,453
20080319;128,088;26,331
20080320;122,215;26,832
20080325;121,171;27,528
20080326;122,069;27,491
20080327;126,183;27,186
20080328;127,408;26,575
20080331;125,916;27,198
20080401;121,705;27,503
20080402;121,547;28,603
20080403;125,891;28,664
20080404;124,399;28,468
20080407;127,287;29,091
20080408;130,005;28,712
20080409;129,034;28,932
20080410;131,671;29,848
20080411;131,319;29,775
20080414;131,853;30,532
20080415;133,154;30,703
20080416;135,584;30,288
20080417;136,896;30,154
20080418;136,617;29,934
20080421;138,427;30,813
20080422;139,047;30,947
20080423;140,894;30,532
20080424;141,514;29,934
20080425;138,938;30,215
20080428;141,368;30,08
20080429;141,854;29,543
20080430;137,832;29,164
20080502;134,271;28,774
20080505;139,205;29,922
20080506;143,373;30,911
20080507;146,192;30,569
20080508;148,634;30,422
20080509;149,266;30,74
20080512;152,377;31,009
20080513;149,351;30,581
20080514;150,797;29,873
20080515;148,765;30,141
20080516;148,306;30,398
20080519;151,16;30,911
20080520;151,245;30,972
20080521;154,607;31,424
20080522;160,484;31,827
20080523;157,836;31,888
20080526;159,118;32,218
20080527;160,085;32,169
20080528;155,175;31,986
20080529;158,344;32,474
20080530;153,458;31,876
20080602;154,534;32,169
20080603;154,824;33,134
20080604;150,664;32,486
20080605;147,665;32,291
20080606;154,244;33,634
20080609;166,519;33,573
20080610;161,948;33,219
20080611;158,452;33,366
20080612;163,839;33,17
20080613;165,03;32,975
20080616;162,456;33,134
20080617;161,976;33,268
20080618;160,785;33,585
20080619;164,056;33,756
20080620;158,717;33,476
20080623;162,156;33,915
20080624;163,418;33,927
20080625;164,08;33,695
20080626;161,519;34,05
20080627;168,132;34,611
20080630;168,709;35,136
20080701;168,132;35,82
20080702;169,142;34,184
20080703;173,458;33,524
20080704;175,647;33,756
20080707;173,651;33,598
20080708;170,585;31,497
20080709;164,044;31,778
20080710;164,224;32,584
20080711;170,777;33,524
20080714;173,735;33,292
20080715;173,05;32,144
20080716;166,833;30,569
20080717;162,002;31,46
20080718;156,348;29,922
20080721;155,298;29,909
20080722;158,185;30,129
20080723;154,535;30,215
20080724;149,453;30,703
20080725;150,825;30,459
20080728;148,535;29,812
20080729;150,109;28,859
20080730;146,376;27,723
20080731;151,612;26,942
20080801;147,891;26,111
20080804;148,129;25,904
20080805;143,954;26,465
20080806;140,399;27,186
20080807;139,564;27,87
20080808;140,59;27,613
20080811;135,187;27,662
20080812;134,399;28,468
20080813;132,586;28,908
20080814;135,356;28,615
20080815;133,977;28,322
20080818;132,645;28,81
20080819;131,926;28,981
20080820;133,47;29,824
20080821;134,778;30,19
20080822;141,614;30,019
20080825;134,26;29,763
20080826;134,389;30,19
20080827;135,097;30,703
20080828;136,97;30,74
20080829;134,554;30,764
20080901;134,413;30,483
20080902;128,945;30,19
20080903;127,684;29,86
20080904;127,354;30,105
20080905;125,279;29,799
20080908;122,675;29,543
20080909;121,909;27,919
20080910;118,255;27,809
20080911;116,795;28,175
20080912;115,137;29,189
20080915;115,206;28,126
20080916;109,248;27,98
20080917;103,428;28,395
20080918;109,943;29,042
20080919;110,349;30,141
20080922;115,473;30,349
20080923;122,927;30,605
20080924;119,496;30,105
20080925;118,765;30,129
20080926;121,258;29,86
20080929;120,029;28,322
20080930;108,946;27,296
20081001;113,804;27,882
20081002;110,511;28,261
20081003;104,982;28,175
20081006;104,622;26,966
20081007;97,006;27,174
20081008;98,142;26,636
20081009;97,794;27,479
20081010;95,824;26,917
20081013;85,889;27,894
20081014;89,796;28,444
20081015;86,399;27,87
20081016;82,1;26,758
20081017;76,739;26,478
20081020;78,73;26,624
20081021;81,478;25,952
20081022;78,865;24,304
20081023;72,983;24,658
20081024;74,567;23,375
20081027;70,189;21,824
20081028;69,465;21,531
20081029;68,198;22,533
20081030;74,058;22,13
20081031;72,067;21,91
20081103;73,888;22,289
20081104;68,413;23,131
20081105;75,155;22,643
20081106;69,986;22,227
20081107;64,963;22,826
20081110;64,873;22,606
20081111;66,83;21,91
20081112;63,018;21,922
20081113;59,493;21,922
20081114;61,37;21,287
20081117;59,187;20,799
20081118;57,081;20,212
20081119;56,569;19,944
20081120;56,438;18,222
20081121;52,466;18,356
20081124;53,677;19,37
20081125;58,849;19,247
20081126;54,943;19,089
20081127;58,838;19,919
20081128;57,976;18,954
20081201;58,369;18,967
20081202;52,346;18,759
20081203;49,585;18,588
20081204;49,585;18,099
20081205;46,137;16,756
20081208;43,365;17,62
20081209;47,381;17,386
20081210;45,318;17,55
20081211;46,337;18,25
20081212;51,481;18,18
20081215;50,493;18,611
20081216;48,497;18,588
20081217;47,993;18,611
20081218;46,841;18,355
20081219;44,608;18,366
20081222;45,267;18,751
20081223;42,643;18,448
20081224;41,522;18,378
20081229;39,475;18,448
20081230;41,717;18,693
20081231;41,306;18,553
20090102;46,902;18,145
20090105;48,26;17,946
20090106;51,048;18,308
20090107;51,985;18,028
20090108;47,18;17,223
20090109;45,956;16,849
20090112;45,699;16,266
20090113;44,145;16,079
20090114;46,121;15,496
20090115;46,296;15,461
20090116;46,354;14,702
20090119;45,275;13,571
20090120;43,262;13,431
20090121;42,407;13,419
20090122;43,768;13,652
20090123;44,128;13,617
20090126;47,025;14,131
20090127;45,654;13,897
20090128;42,514;13,699
20090129;43,651;13,862
20090130;44,137;13,827
20090202;44,604;13,174
20090203;42,601;12,38
20090204;42,854;12,17
20090205;42,922;11,902
20090206;45,168;11,75
20090209;44,925;11,727
20090210;44,74;10,887
20090211;43,369;9,907
20090212;42,868;9,568
20090213;43,54;10,07
20090216;42,386;9,802
20090217;40,938;10,082
20090218;38,81;11,295
20090219;37,41;12,614
20090220;39,718;11,634
20090223;39,624;11,249
20090224;38,772;10,922
20090225;40,201;11,365
20090226;41,894;12,369
20090227;43,994;11,774
20090302;43,842;11,739
20090303;39,926;12,812
20090304;41,336;13,582
20090305;43,625;13,174
20090306;41,279;12,637
20090309;42,423;13,594
20090310;41,742;14,014
20090311;41,582;13,641
20090312;39,16;13,851
20090313;42,519;14,341
20090316;42,225;14,679
20090317;42,759;15,122
20090318;44,397;14,492
20090319;43,863;13,734
20090320;46,633;13,162
20090323;47,139;13,932
20090324;49,21;13,15
20090325;49,238;12,404
20090326;47,627;12,777
20090327;49,201;13,057
20090330;47,839;13,069
20090331;44,167;13,711
20090401;45,308;14,259
20090402;44,581;14,166
20090403;48,547;14,609
20090406;49,21;14,831
20090407;48,078;14,481
20090408;47,139;14,924
20090409;47,48;15,624
20090414;47,986;16,628
20090415;47,82;16,254
20090416;47,378;16,254
20090417;47,938;16,114
20090420;48,2;15,321
20090421;45,047;15,426
20090422;45,011;15,834
20090423;45,002;15,683
20090424;45,273;16,033
20090427;46,682;15,881
20090428;45,462;15,683
20090429;45,164;16,021
20090430;45,878;16,639
20090501;45,896;16,803
20090504;47,748;17,246
20090505;49,311;16,534
20090506;48,895;17,036
20090507;50,73;17,328
20090508;51,019;18,145
20090511;52,527;18,518
20090512;51,931;17,631
20090513;52,347;17,188
20090514;51,785;16,849
20090515;52,204;16,429
20090518;49,879;16,779
20090519;52,097;17,071
20090520;52,498;17,748
20090521;53,986;17,503
20090522;53,398;17,701
20090525;54,155;17,701
20090526;53,648;17,515
20090527;54,565;17,76
20090528;55,688;17,701
20090529;57,372;17,398
20090601;58,379;17,701
20090602;60,562;17,456
20090603;60,74;16,674
20090604;58,7;16,593
20090605;61,221;16,476
20090608;60,891;15,589
20090609;60,482;15,391
20090610;62,032;15,543
20090611;63,047;15,659
20090612;64,017;15,227
20090615;63,356;14,457
20090616;61,979;15,122
20090617;61,979;15,087
20090618;62,517;15,041
20090619;62,703;15,578
20090622;61,053;15,111
20090623;59,102;15,192
20090624;60,708;15,543
20090625;60,294;15,718
20090626;61,573;15,636
20090629;60,814;15,823
20090630;62,641;15,473
20090701;61,15;15,449
20090702;60,7;15,286
20090703;58,811;15,204
20090706;57,894;15,227
20090707;56,517;15,368
20090708;55,793;15,659
20090709;53,323;16,103
20090710;53,914;16,336
20090713;53,402;17,129
20090714;53,552;16,639
20090715;53,702;16,931
20090716;56,059;16,954
20090717;56,262;16,441
20090720;57,7;16,523
20090721;58,636;16,896
20090722;59,015;16,791
20090723;59,315;16,838
20090724;61,116;16,698
20090727;62,06;16,488
20090728;62,492;16,103
20090729;61,672;15,881
20090730;58,715;16,033
20090731;61,874;15,998
20090803;63,278;16,814
20090804;64,91;17,048
20090805;65,555;16,733
20090806;66,64;16,744
20090807;66,04;16,709
20090810;64,946;16,569
20090811;64,866;16,546
20090812;63,948;16,756
20090813;64,343;16,744
20090814;64,807;16,791
20090817;62,616;16,919
20090818;61,827;17,246
20090819;63,431;17,421
20090820;65,377;17,666
20090821;64,273;17,97
20090824;65,027;17,76
20090825;65,088;17,748
20090826;62,949;17,748
20090827;62,8;17,701
20090828;63,554;17,736
20090831;63,799;17,421
20090901;61,047;17,258
20090902;59,364;17,573
20090903;59,303;17,935
20090904;58,83;17,748
20090907;58,567;17,888
20090908;58,313;18,028
20090909;60,846;17,69
20090910;61,227;17,608
20090911;61,279;17,001
20090914;59,415;16,219
20090915;59,302;16,663
20090916;60,594;16,418
20090917;62,164;15,893
20090918;62,06;15,928
20090921;61,86;16,301
20090922;59,579;16,033
20090923;61,175;15,566
20090924;58,972;14,924
20090925;56,223;15,286
20090928;56,474;15,764
20090929;56,847;15,286
20090930;56,804;15,589
20091001;59,909;15,426
20091002;60,013;15,227
20091005;59,042;15,309
20091006;59,016;16,021
20091007;59,467;15,881
20091008;58,287;15,659
20091009;60,516;16,079
20091012;60,716;16,663
20091013;61,895;16,709
20091014;62,797;16,849
20091015;63,554;16,593
20091016;65,585;16,499
20091019;66,239;16,849
20091020;66,91;17,013
20091021;66,454;17,468
20091022;68,562;16,873
20091023;68,407;16,791
20091026;67,899;16,733
20091027;66,471;16,639
20091028;67,039;16,616
20091029;65,266;17,211
20091030;67,142;16,966
20091102;64,699;16,966
20091103;65,86;16,791
20091104;67,202;16,756
20091105;67,873;16,768
20091106;67,099;16,301
20091109;65,275;16,184
20091110;66,91;16,009
20091111;66,677;15,776
20091112;67,035;15,531
20091113;65,391;15,648
20091116;64,999;16,033
20091117;67,086;15,578
20091118;67,265;15,753
20091119;67,691;15,624
20091120;66,132;15,251
20091123;65,758;15,286
20091124;65,979;14,737
20091125;65,127;15,029
20091126;66,814;15,087
20091127;65,579;15,379
20091130;65,74;15,333
20091201;66,839;15,741
20091202;67,589;15,834
20091203;66,337;16,161
20091204;66,746;16,476
20091207;66,03;17,27
20091208;65,102;16,476
20091209;64,045;16,568
20091210;61,66;16,557
20091211;61,209;16,764
20091214;61,226;16,81
20091215;61,235;16,81
20091216;61,371;16,522
20091217;62,567;15,659
20091218;61,792;15,625
20091221;62,112;14,324
20091222;61,472;14,624
20091223;61,868;14,957
20091224;63,544;14,658
20091229;65,119;14,566
20091230;65,388;14,612
20091231;65,717;14,417
20100104;65,632;15,061
20100105;67,477;14,612
20100106;67,873;14,278
20100107;68,967;14,647
20100108;68,647;14,957
20100111;68,53;15,164
20100112;68,193;14,808
20100113;66,786;15,061
20100114;65,941;15,648
20100115;65,732;15,348
20100118;64,511;15,774
20100119;64,502;15,889
20100120;64,946;15,383
20100121;63,85;15,245
20100122;62,394;15,107
20100125;60,93;15,475
20100126;61,649;15,659
20100127;61,315;15,418
20100128;60,436;15,118
20100129;60,344;14,796
20100201;59,784;14,635
20100202;61,164;14,658
20100203;63,632;14,67
20100204;63,515;15,21
20100205;60,344;15,268
20100208;58,219;15,82
20100209;58,654;15,59
20100210;60,344;15,256
20100211;60,718;15,176
20100212;61,548;14,9
20100215;60,535;15,107
20100216;60,211;15,314
20100217;62,844;14,854
20100218;63,334;14,911
20100219;64,588;14,405
20100222;64,928;14,704
20100223;65,277;14,647
20100224;64,147;15,026
20100225;64,845;14,842
20100226;63,35;14,957
20100301;64,43;15,337
20100302;63,849;15,302
20100303;64,92;15,579
20100304;65,808;15,095
20100305;65,219;15,302
20100308;66,34;15,072
20100309;66,821;15,107
20100310;66,356;15,222
20100311;66,895;14,946
20100312;66,878;14,842
20100315;66,207;15,061
20100316;65,106;14,934
20100317;66,679;15,003
20100318;67,863;15,084
20100319;67,466;15,095
20100322;66,141;15,118
20100323;66,688;14,865
20100324;66,82;14,704
20100325;65,926;14,566
20100326;65,917;14,865
20100329;65,653;14,693
20100330;67,209;14,773
20100331;67,3;14,762
20100401;68,476;15,061
20100406;71,109;15,464
20100407;71,333;15,567
20100408;70,869;15,602
20100409;70,223;15,763
20100412;70,24;15,774
20100413;70,19;15,763
20100414;70,149;16,361
20100415;71,189;16,28
20100416;71,754;16,591
20100419;70,444;16,752
20100420;69,002;16,925
20100421;69,469;16,867
20100422;70,206;16,867
20100423;70,181;17,201
20100426;71,476;17,937
20100427;71,132;17,546
20100428;70,271;17,235
20100429;70,583;17,661
20100430;71,189;18,34
20100503;71,631;19,007
20100504;72,86;18,317
20100505;70,181;18,409
20100506;67,675;18,628
20100507;65,397;17,88
20100510;64,119;17,558
20100511;65,635;18,052
20100512;65,938;18,11
20100513;66,544;18,202
20100514;65,76;18,006
20100517;62,934;17,373
20100518;60,648;17,592
20100519;60,107;16,936
20100520;59,51;16,913
20100521;58,016;17,086
20100524;57,886;17,742
20100525;57,475;17,489
20100526;56,166;18,064
20100527;57,935;17,822
20100528;60,293;17,385
20100531;59,776;17,385
20100601;60,285;17,419
20100602;58,718;17,569
20100603;59,558;17,558
20100604;60,899;17,65
20100607;58,218;17,512
20100608;58,242;18,052
20100609;58,387;18,133
20100610;59,947;17,788
20100611;60,835;17,972
20100614;60,099;18,271
20100615;60,515;18,167
20100616;61,666;17,914
20100617;62,498;18,075
20100618;62,93;18,144
20100621;62,562;18,225
20100622;63,042;17,65
20100623;62,418;17,684
20100624;61,003;17,546
20100625;61,163;17,742
20100628;62,482;17,753
20100629;62,058;17,512
20100630;60,339;17,558
20100701;59,995;17,546
20100702;57,859;17,673
20100705;57,307;17,707
20100706;57,163;17,466
20100707;57,147;17,086
20100708;58,795;16,568
20100709;59,755;16,856
20100712;60,323;16,188
20100713;59,483;15,935
20100714;61,306;16,119
20100715;61,251;16,05
20100716;60,795;16,407
20100719;60,22;16,752
20100720;60,42;16,372
20100721;60,899;16,039
20100722;60,22;16,395
20100723;62,177;16,119
20100726;61,882;15,567
20100727;61,922;15,786
20100728;60,827;15,832
20100729;60,771;16,131
20100730;61,994;16,28
20100802;62,465;16,672
20100803;64,574;16,603
20100804;66,06;16,488
20100805;65,677;16,499
20100806;65,206;16,372
20100809;64,047;16,764
20100810;64,71;16,683
20100811;63,6;16,568
20100812;62,019;16,603
20100813;60,28;16,672
20100816;59,978;16,58
20100817;60,065;16,672
20100818;61,098;16,568
20100819;60,733;17,166
20100820;59,803;17,339
20100823;58,977;17,051
20100824;58,469;17,212
20100825;57,484;17,707
20100826;58,358;17,558
20100827;59,581;17,592
20100830;60,875;17,788
20100831;60,836;17,569
20100901;59,279;17,707
20100902;60,637;18,156
20100903;61,098;18,11
20100906;60,891;18,087
20100907;61,05;18,11
20100908;61,741;17,96
20100909;62,083;17,845
20100910;61,527;17,581
20100913;62,075;17,604
20100914;62,766;17,569
20100915;62,869;17,742
20100916;62,988;17,558
20100917;62,242;17,615
20100920;62,028;17,281
20100921;62,909;17,155
20100922;62,195;17,293
20100923;61,822;17,132
20100924;61,949;17,604
20100927;62,552;17,707
20100928;62,314;18,029
20100929;62,425;18,006
20100930;64,059;17,73
20101001;65,28;17,673
20101004;66,422;17,569
20101005;66,049;17,914
20101006;67,286;17,914
20101007;67,461;17,799
20101008;66,168;17,914
20101011;66,644;18,225
20101012;66,398;18,121
20101013;66,224;17,983
20101014;66,99;17,88
20101015;66,476;17,776
20101018;65,095;17,696
20101019;66,611;17,293
20101020;64,029;17,431
20101021;66,003;17,097
20101022;64,605;17,339
20101025;65,497;17,442
20101026;65,955;17,258
20101027;66,05;17,373
20101028;65,711;17,155
20101029;65,995;16,833
20101101;65,647;16,902
20101102;66,808;16,925
20101103;67,432;16,902
20101104;68,197;16,545
20101105;69,476;16,695
20101108;69,563;16,384
20101109;69,84;16,453
20101110;69,737;16,672
20101111;70,233;17,074
20101112;70,186;17,143
20101115;68,162;17,385
20101116;68,343;16,833
20101117;66,744;17,12
20101118;65,601;17,189
20101119;66,996;17,212
20101122;66,436;17,35
20101123;66,137;17,281
20101124;65,578;17,431
20101125;67,618;17,35
20101126;67,823;17,35
20101129;67,413;17,201
20101130;68,8;16,982
20101201;67,681;17,074
20101202;70,005;16,879
20101203;71,438;16,971
20101206;72,014;17,109
20101207;72,037;17,017
20101208;71,99;16,879
20101209;71,502;16,718
20101210;71,675;16,787
20101213;71,273;16,73
20101214;71,832;16,64
20101215;71,848;16,494
20101216;72,438;16,404
20101217;72,005;16,088
20101220;72,06;15,998
20101221;72,901;15,976
20101222;73,263;16,133
20101223;73,617;15,863
20101224;74,088;15,874
20101229;74,191;16,088
20101230;74,002;15,953
20110103;74,481;16,043
20110104;74,552;16,257
20110105;73,522;16,37
20110106;75,071;16,55
20110107;74,301;16,482
20110110;73,365;16,032
20110111;75,228;16,122
20110112;76,73;16,054
20110113;77,014;16,088
20110114;76,793;16,325
20110117;77,653;16,404
20110118;76,903;16,46
20110119;77,195;16,201
20110120;77,48;16,19
20110121;76,232;16,313
20110124;77,038;16,437
20110125;76,256;16,787
20110126;75,183;16,798
20110127;77,282;16,595
20110128;76,872;16,629
20110131;78,474;16,877
20110201;79,729;16,742
20110202;80,305;16,877
20110203;80,779;16,55
20110204;80,321;16,573
20110207;78,798;16,494
20110208;78,34;16,573
20110209;78,869;16,539
20110210;80,281;16,55
20110211;79,591;16,775
20110214;79,198;16,775
20110215;80,877;16,663
20110216;79,748;16,663
20110217;81,427;16,843
20110218;80,493;16,888
20110221;80,438;17,192
20110222;82,964;17,294
20110223;82,996;17,226
20110224;87,288;17,35
20110225;87,374;17,384
20110228;87,986;17,485
20110301;87,719;17,463
20110302;90,559;17,609
20110303;91,289;17,406
20110304;90,065;17,823
20110307;90,991;17,868
20110308;90,261;17,902
20110309;88,708;17,891
20110310;90,967;17,767
20110311;90,567;17,722
20110314;89,32;18,702
20110315;89,186;19,389
20110316;85,146;19,434
20110317;86,722;18,916
20110318;90,093;19,4
20110321;89,333;18,984
20110322;90,14;19,062
20110323;90,721;19,108
20110324;90,603;18,634
20110325;90,736;18,984
20110328;90,634;19,479
20110329;90,015;19,186
20110330;90,297;19,209
20110331;90,274;19,468
20110401;92,022;19,412
20110404;93,073;19,502
20110405;94,923;19,288
20110406;95,833;19,333
20110407;95,896;19,119
20110408;96,186;19,153
20110411;99,306;18,882
20110412;97,213;18,691
20110413;94,814;18,747
20110414;96,309;18,916
20110415;96,05;19,288
20110418;97,191;18,781
20110419;95,743;18,95
20110420;95,522;19,13
20110421;97,506;19,006
20110426;97,357;19,029
20110427;97,734;19,265
20110428;98,514;19,389
20110429;98,427;19,31
20110502;99,112;19,626
20110503;98,506;19,378
20110504;96,404;19,254
20110505;95,412;19,119
20110506;87,232;19,209
20110509;85,917;19,209
20110510;91,247;19,108
20110511;92,609;18,972
20110512;88,552;19,051
20110513;88,844;18,837
20110516;89,596;19,029
20110517;87,666;18,747
20110518;86,994;18,691
20110519;88,821;18,589
20110520;88,125;18,465
20110523;88,892;18,195
20110524;87,081;18,432
20110525;89,003;18,454
20110526;90,901;18,42
20110527;90,996;19,029
20110530;90,98;19,029
20110531;90,703;19,141
20110601;92,324;18,927
20110602;90,584;18,871
20110603;91,383;18,961
20110606;91,621;18,803
20110607;90,545;18,758
20110608;92,364;18,601
20110609;93,21;18,781
20110610;94,512;18,758
20110613;93,909;18,803
20110614;93,964;18,589
20110615;94,702;18,308
20110616;89,671;18,139
20110617;90,473;17,632
20110620;89,83;17,204
20110621;88,624;16,674
20110622;88,037;16,651
20110623;90,624;15,063
20110624;85,109;13,812
20110627;83,411;14,612
20110628;84,101;15,198
20110629;86,315;14,657
20110630;89,187;15,243
20110701;89,251;14,962
20110704;88,687;15,108
20110705;88,386;15,266
20110706;90,147;14,849
20110707;90,155;14,646
20110708;94,099;14,286
20110711;93,893;13,621
20110712;93,028;13,97
20110713;93,432;13,508
20110714;94,16;13,869
20110715;92,889;14,004
20110718;93,688;13,767
20110719;92,721;13,97
20110720;93,528;14,421
20110721;94,399;14,77
20110722;93,888;14,635
20110725;94,815;14,567
20110726;94,231;14,488
20110727;94,503;13,981
20110728;93,824;14,105
20110729;93,768;13,779
20110801;93,273;13,519
20110802;93,329;13,227
20110803;93,049;12,877
20110804;90,468;12,72
20110805;85,69;12,066
20110808;87,384;12,1
20110809;82,886;12,866
20110810;81,951;13,069
20110811;85,229;13,812
20110812;86,188;14,038
20110815;86,14;14,049
20110816;87,803;13,959
20110817;87,235;14,432
20110818;88,41;13,914
20110819;85,524;14,083
20110822;86,827;14,162
20110823;86,619;14,556
20110824;87,379;14,849
20110825;88,05;14,669
20110826;88,426;14,86
20110829;89,018;15,007
20110830;89,433;15,209
20110831;91,144;14,59
20110901;91,807;14,533
20110902;91,36;14,207
20110905;89,793;13,97
20110906;87,994;13,745
20110907;90,241;14,026
20110908;92,567;13,812
20110909;91,568;13,407
20110912;90,145;13,418
20110913;89,729;13,565
20110914;89,441;13,79
20110915;89,343;13,959
20110916;91,503;13,7
20110919;91,437;13,328
20110920;88,928;13,429
20110921;90,069;13,317
20110922;89,922;12,787
20110923;85,954;12,81
20110926;84,715;12,28
20110927;84,691;12,19
20110928;87,298;11,83
20110929;84,585;12,314
20110930;84,699;12,1
20111003;83,729;11,458
20111004;82,874;11,379
20111005;81,309;11,525
20111006;83,705;11,796
20111007;86,149;11,784
20111010;86,272;12,077
20111011;88,773;12,021
20111012;90,223;12,055
20111013;90,992;11,604
20111014;91,184;11,728
20111017;93,714;11,649
20111018;91,985;11,604
20111019;92,812;11,289
20111020;90,507;11,48
20111021;91,651;11,672
20111024;91,484;11,875
20111025;93,062;11,728
20111026;92,62;11,401
20111027;90,942;11,751
20111028;93,589;11,739
20111031;91,777;11,458
20111101;91,484;11,12
20111102;91,468;10,692
20111103;91,301;10,917
20111104;92,545;10,613
20111107;93,497;11,21
20111108;95,659;11,379
20111109;96,027;11,142
20111110;93,935;11,063
20111111;94,922;11,401
20111114;95,259;11,334
20111115;93,867;11,3
20111116;94,627;11,12
20111117;94,373;10,872
20111118;91,286;10,534
20111121;90,729;10,027
20111122;90,156;10,252
20111123;91,969;9,509
20111124;90,274;8,889
20111125;90,915;8,686
20111128;89,751;9,002
20111129;91,944;8,99
20111130;93,479;9,407
20111201;93,226;8,934
20111202;91,936;8,81
20111205;92,737;8,236
20111206;92,627;8,247
20111207;93,471;8,123
20111208;92,391;8,607
20111209;91,193;8,833
20111212;91,624;8,502
20111213;90,476;7,946
20111214;92,366;7,327
20111215;88,276;7,679
20111216;87,726;7,626
20111219;87,514;7,882
20111220;87,759;9,527
20111221;90,376;8,929
20111222;91,206;8,63
20111223;91,358;8,779
20111228;92,527;8,299
20111229;91,079;7,754
20111230;91,46;7,818
20120103;90,926;7,049
20120104;94,949;7,017
20120105;96,278;7,177
20120106;95,465;7,049
20120109;95,736;7,263
20120110;95,22;7,615
20120111;95,922;7,519
20120112;95,158;7,679
20120113;94,3;7,466
20120116;93,706;7,188
20120117;94,547;7,188
20120118;94,708;7,316
20120119;93,969;7,818
20120120;94,725;7,765
20120123;93,29;7,594
20120124;93,901;8,021
20120125;93,434;8,106
20120126;93,247;8,267
20120127;94,08;8,747
20120130;94,649;8,299
20120131;94,046;8,587
20120201;94,241;9,036
20120202;94,733;9,335
20120203;95,167;9,078
20120206;97,298;9,292
20120207;98,444;9,335
20120208;98,699;8,907
20120209;99,407;8,544
20120210;100,608;8,459
20120213;99,509;8,181
20120214;100,054;8,662
20120215;100,02;8,929
20120216;101,367;9,612
20120217;102,373;9,901
20120220;101,921;9,367
20120221;102,321;9,826
20120222;103,694;9,794
20120223;104,751;9,463
20120224;105,364;10,072
20120227;106,941;10,157
20120228;105,833;9,634
20120229;103,6;9,142
20120301;104,546;9,474
20120302;107,563;9,666
20120305;105,39;9,442
20120306;105,518;9,121
20120307;103,966;9,185
20120308;105,79;9,014
20120309;106,916;8,64
20120312;107,376;8,384
20120313;106,83;8,331
20120314;107,58;8,683
20120315;106,647;8,555
20120316;104,952;8,299
20120319;107,7;8,32
20120320;107,615;7,669
20120321;106,253;7,936
20120322;106,322;7,337
20120323;105,415;7,498
20120326;107,118;7,466
20120327;107,563;7,754
20120328;107,469;7,669
20120329;106,288;7,316
20120330;104,772;7,604
20120402;105,192;6,771
20120403;107,375;6,932
20120404;106,887;6,633
20120405;104,73;7,273
20120410;105,012;7,38
20120411;102,624;7,519
20120412;102,942;7,669
20120413;104,359;7,743
20120416;104,092;7,38
20120417;101,92;7,658
20120418;102,005;7,818
20120419;101,31;7,957
20120420;101,336;7,946
20120423;101,988;7,669
20120424;101,945;7,679
20120425;101,473;7,637
20120426;102,297;7,839
20120427;102,984;7,861
20120430;102,907;8,117
20120501;102,598;8,085
20120502;102,761;7,711
20120503;101,507;7,647
20120504;99,687;7,156
20120507;97,196;7,177
20120508;97,179;7,316
20120509;96,81;7,252
20120510;97,213;7,22
20120511;96,81;7,305
20120514;96,406;7,135
20120515;95,814;7,017
20120516;96,389;7,07
20120517;94,919;7,017
20120518;92,964;6,889
20120521;92,661;7,177
20120522;94,106;7,476
20120523;93,76;7,263
20120524;91,295;7,37
20120525;92,151;7,38
20120528;92,393;7,263
20120529;92,636;7,092
20120530;92,264;6,942
20120531;89,487;6,793
20120601;88,104;6,91
20120604;85,129;6,91
20120605;85,492;6,91
20120606;85,483;6,889
20120607;87,04;6,985
20120608;86,426;7,145
20120611;86,028;7,156
20120612;84,757;7,188
20120613;84,013;7,263
20120614;83,796;7,402
20120615;84,186;7,818
20120618;84,567;7,925
20120619;83,216;8,117
20120620;82,965;8,021
20120621;80,305;8,085
20120622;77,307;8,726
20120625;78,823;8,608
20120626;78,849;8,608
20120627;80,591;8,512
20120628;81,007;8,534
20120629;79,152;8,843
20120702;84,732;8,705
20120703;84,333;8,907
20120704;87,227;8,865
20120705;86,439;8,929
20120706;87,244;8,619
20120709;85,07;8,555
20120710;86,915;8,491
20120711;84,879;8,438
20120712;86,723;8,181
20120713;87,237;8,171
20120716;88,228;8,085
20120717;89,925;8,203
20120718;90,473;7,637
20120719;91,482;7,348
20120720;93,779;7,626
20120723;92,935;7,615
20120724;89,829;7,69
20120725;89,968;7,327
20120726;90,803;7,455
20120727;91,569;7,391
20120730;92,622;7,038
20120731;92,387;7,402
20120801;91,273;7,444
20120802;92,178;7,562
20120803;92,126;7,594
20120806;94,77;7,69
20120807;95,301;7,818
20120808;97,432;7,733
20120809;97,554;7,637
20120810;98,494;7,701
20120813;98,259;8,01
20120814;98,824;8,181
20120815;99,198;8
20120816;101,109;8,235
20120817;101,958;8,235
20120820;100,578;8,171
20120821;100,569;8,459
20120822;101,401;8,576
20120823;101,64;8,715
20120824;101,728;8,726
20120827;100,472;8,715
20120828;99,296;8,523
20120829;99,579;8,245
20120830;99,543;8,213
20120831;99,641;8,63
20120903;101,339;8,822
20120904;102,409;8,769
20120905;100,994;8,811
20120906;100,03;8,822
20120907;100,384;8,95
20120910;101,056;8,373
20120911;101,551;8,277
20120912;102,073;8,491
20120913;102,571;8,341
20120914;103,06;7,957
20120917;103,754;7,904
20120918;101,201;7,968
20120919;99,636;8,074
20120920;96,221;8,203
20120921;97,857;7,968
20120924;99,094;7,765
20120925;97,662;7,989
20120926;98,231;8,149
20120927;97,866;8,395
20120928;99,618;8,502
20121001;99,956;8,491
20121002;99,778;8,406
20121003;99,227;8,106
20121004;96,203;8,16
20121005;100,125;8,341
20121008;99,627;8,459
20121009;99,449;8,427
20121010;101,833;8,245
20121011;101,626;8,341
20121012;102,973;8,363
20121015;102,012;8,213
20121016;102,722;8,544
20121017;102,363;8,843
20121018;101,662;8,63
20121019;100,944;8,512
20121022;98,897;8,448
20121023;98,268;8,416
20121024;97,2;8,192
20121025;96,84;8,213
20121026;97,415;8,427
20121029;98,367;8,63
20121030;98,268;8,705
20121031;97,945;8,801
20121101;97,604;8,598
20121102;97,128;8,662
20121105;94,892;8,822
20121106;96,733;8,918
20121107;99,732;8,79
20121108;95,916;8,843
20121109;96,302;8,897
20121112;98,232;9,698
20121113;97,936;8,982
20121114;97,209;8,459
20121115;98,241;7,615
20121116;97,815;7,37
20121119;98,667;7,167
20121120;101,157;7,199
20121121;99,464;7,231
20121122;100,396;7,252
20121123;100,116;7,487
20121126;100,867;7,305
20121127;100,451;7,316
20121128;99,5;7,295
20121129;99,174;7,028
20121130;100,306;6,622
20121203;100,731;6,355
20121204;100,451;6,109
20121205;99,473;6,568
20121206;98,54;6,825
20121207;96,928;7,241
20121210;96,919;7,549
20121211;97,2;7,293
20121212;97,815;7,2
20121213;99,035;7,118
20121214;97,604;7,015
20121217;99,181;6,882
20121218;98,686;7,118
20121219;99,787;7,426
20121220;101,18;7,58
20121221;101,033;7,406
20121224;99,906;7,313
20121227;101,831;7,241
20121228;101,583;6,892
20121231;101,418;6,851
20130102;101,868;6,748
20130103;103,115;6,574
20130104;102,812;6,512
20130107;102,051;6,841
20130108;102,134;6,646
20130109;102,629;6,379
20130110;102,464;6,214
20130111;102,583;6,081
20130114;101,437;6,06
20130115;102,574;6,235
20130116;101,125;5,803
20130117;101,171;5,762
20130118;102,481;5,249
20130121;103,21;5,084
20130122;103,044;5,598
20130123;103,699;4,776
20130124;104,049;4,448
20130125;104,492;4,222
20130128;104,492;4,293
20130129;104,676;4,098
20130130;105,488;3,903
20130131;105,986;3,513
20130201;106,586;4,458
20130204;107,702;4,437
20130205;106,632;4,54
20130206;107,481;4,293
20130207;107,674;4,314
20130208;108,145;4,673
20130211;109,676;4,602
20130212;108,966;4,704
20130213;109,455;5,372
20130214;109,575;5,392
20130215;109,687;5,331
20130218;109,371;5,259
20130219;109,111;4,807
20130220;109,241;5,115
20130221;107,456;5,444
20130222;105,532;5,331
20130225;106,062;4,694
20130226;106,378;4,417
20130227;104,77;4,591
20130228;103,989;5,033
20130301;103,533;4,797
20130304;102,622;4,756
20130305;102,334;4,345
20130306;103,747;4,396
20130307;103,236;4,437
20130308;103,319;4,376
20130311;103,041;4,057
20130312;102,455;3,831
20130313;101,925;3,616
20130314;101,001;3,8
20130315;101,673;3,883
20130318;102,476;3,646
20130319;102,186;3,605
20130320;100,264;4,078
20130321;101,449;4,54
20130322;100,283;4,263
20130325;100,46;4,612
20130326;100,936;4,745
20130327;102,046;5,084
20130328;102,354;4,941
20130402;103,651;5,074
20130403;103,288;5,054
20130404;99,947;5,177
20130405;99,228;5,331
20130408;97,157;5,341
20130409;97,661;4,91
20130410;99,126;4,417
20130411;98,78;4,468
20130412;97,473;4,899
20130415;96,222;4,889
20130416;93,971;3,174
20130417;93,299;2,825
20130418;91,226;3,153
20130419;92,57;3,246
20130422;93,056;2,968
20130423;93,747;3,164
20130424;93,672;3,102
20130425;94,998;3,051
20130426;96,567;3,194
20130429;96,334;3,41
20130430;96,941;3,205
20130501;95,596;2,989
20130502;93,336;3,174
20130503;96,044;3,883
20130506;97,295;4,016
20130507;98,481;3,842
20130508;97,492;3,585
20130509;97,436;3,893
20130510;97,557;3,472
20130513;97,034;3,359
20130514;96,016;3,616
20130515;95,811;3,739
20130516;96,736;3,8
20130517;96,998;3,636
20130520;97,802;3,698
20130521;97,951;3,657
20130522;97,119;3,41
20130523;95,895;3,492
20130524;95,745;3,657
20130527;95,932;3,595
20130528;95,914;3,749
20130529;97,418;3,852
20130530;95,736;3,924
20130531;95,512;4,057
20130603;93,829;4,026
20130604;95,39;4,067
20130605;96,493;4,016
20130606;96,306;4,109
20130607;96,839;4,232
20130610;97,727;4,15
20130611;97,157;4,314
20130612;96,231;4,622
20130613;96,783;4,53
20130614;98,082;4,899
20130617;98,998;4,704
20130618;98,568;4,828
20130619;99,082;4,509
20130620;99,175;4,55
20130621;95,465;4,499
20130624;94,306;4,232
20130625;94,54;4,396
20130626;94,633;4,54
20130627;95,007;4,55
20130628;96,091;4,324
20130701;95,474;4,355
20130702;96,259;4,406
20130703;97,194;4,817
20130704;98,839;4,673
20130705;98,633;4,406
20130708;100,67;4,355
20130709;100,399;4,283
20130710;100,755;4,16
20130711;101,319;4,201
20130712;100,726;4,15
20130715;101,564;4,16
20130716;101,705;4,242
20130717;101,761;4,242
20130718;102,204;4,242
20130719;102,288;4,304
20130722;101,696;4,324
20130723;101,771;4,376
20130724;102,025;4,417
20130725;100,867;4,417
20130726;101,3;4,448
20130729;100,849;4,448
20130730;101,112;4,406
20130731;100,604;4,458
20130801;101,347;4,468
20130802;103,079;4,519
20130805;102,524;4,55
20130806;102,288;4,643
20130807;101,799;4,581
20130808;101,103;4,653
20130809;100,388;4,581
20130812;101,837;4,448
20130813;102,542;4,427
20130814;103,342;4,489
20130815;103,666;4,489
20130816;104,409;4,489
20130819;105,171;4,458
20130820;104,695;4,478
20130821;104,933;4,499
20130822;104,609;4,653
20130823;104,695;4,561
20130826;105,781;4,55
20130827;105,486;4,673
20130828;108,944;4,735
20130829;111,087;4,725
20130830;109,706;4,694
20130902;108,61;4,632
20130903;108,915;4,54
20130904;110,201;4,694
20130905;109,468;5,115
20130906;109,801;5,475
20130909;110,621;5,475
20130910;108,334;5,29
20130911;105,981;5,423
20130912;106,145;5,783
20130913;107,436;5,557
20130916;107,599;5,629
20130917;106,029;5,834
20130918;104,218;5,68
20130919;106,54;5,505
20130920;104,767;5,505
20130923;105,211;5,577
20130924;104,189;5,536
20130925;104,652;5,547
20130926;104,344;5,639
20130927;105,201;5,536
20130930;104,642;5,177
20131001;104,392;5,29
20131002;103,978;5,423
20131003;105,182;5,341
20131004;104,999;5,249
20131007;105,442;5,105
20131008;105,654;5,002
20131009;106,116;4,93
20131010;105,056;4,899
20131011;107,696;4,745
20131014;107,195;4,951
20131015;106,964;5,095
20131016;105,923;5,485
20131017;107,056;5,321
20131018;105,623;5,269
20131021;106,427;4,715
20131022;106,136;4,838
20131023;106,456;4,745
20131024;104,355;4,797
20131025;103,571;5,146
20131028;103,513;4,961
20131029;106,107;5,228
20131030;105,526;5,105
20131031;106,349;4,941
20131101;105,362;4,745
20131104;102,526;4,684
20131105;102,835;4,93
20131106;101,964;4,91
20131107;101,877;4,93
20131108;100,154;4,612
20131111;101,761;4,735
20131112;103;4,776
20131113;102,429;4,776
20131114;103,739;4,715
20131115;105,088;4,622
20131118;105,301;4,468
20131119;105,272;4,54
20131120;103,768;4,612
20131121;104,874;4,53
20131122;106,835;4,55
20131125;107,776;4,519
20131126;107,728;4,612
20131127;107,611;4,591
20131128;108,029;4,55
20131129;107,592;4,478
20131202;106,456;4,622
20131203;108,164;4,602
20131204;109,3;4,602
20131205;108,582;4,766
20131206;107,708;4,92
20131209;108,32;5,03
20131210;106,165;5,15
20131211;106,156;5,01
20131212;106,525;5,02
20131213;105,426;4,92
20131216;105,368;4,79
20131217;106,428;5,01
20131218;105,484;4,99
20131219;106,642;5,03
20131220;107,284;4,87
20131223;108,724;4,88
20131224;108,519;5,01
20131227;108,928;5,03
20131230;109,122;5,02
20131231;108,179;4,95
20140102;107,78;4,83
20140103;106,89;4,81
20140106;106,73;4,72
20140107;107,35;4,76
20140108;107,15;4,65
20140109;106,39;4,58
20140110;107,25;4,6
20140113;106,75;4,7
20140114;106,39;4,91
20140115;106,27;4,9
20140116;105,75;5,15
20140117;106,48;5,15
20140120;106,35;5
20140121;106,73;5,11
20140122;108,27;5,2
20140123;107,58;5,1
20140124;107,88;5,34
20140127;106,69;5,45
20140128;107,41;5,6
20140129;107,85;5,57
20140130;107,95;5,78
20140131;106,4;5,59
20140203;106,04;5,91
20140204;105,78;5,91
20140205;106,25;6,16
20140206;107,19;6,54
20140207;109,57;6,52
20140210;108,63;6,49
20140211;108,68;6,33
20140212;108,35;6,44
20140213;108,52;6,47
20140214;109,08;6,68
20140217;109,18;6,9
20140218;110,46;6,84
20140219;110,47;7,01
20140220;110,3;7,08
20140221;109,85;7,23
20140224;110,64;7,1
20140225;109,51;6,31
20140226;109,52;6,58
20140227;108,96;6,59
20140228;109,07;7,15
20140303;111,2;6,7
20140304;109,3;6,9
20140305;107,76;6,86
20140306;108,1;6,88
20140307;109;6,98
20140310;108,08;6,97
20140311;108,55;6,9
20140312;107,35;6,58
20140313;106,92;6,51
20140314;108,21;6,37
20140317;106,24;5,95
20140318;106,79;5,83
20140319;105,85;6,06
20140320;106,45;6,08
20140321;106,92;6,25
20140324;106,81;5,93
20140325;106,99;5,93
20140326;107,03;5,87
20140327;107,83;5,24
20140328;108,07;4,4
20140331;107,76;4,7
20140401;105,62;5,1
20140402;104,79;4,89
20140403;106,15;4,91
20140404;106,72;4,74
20140407;105,82;5,03
20140408;107,67;4,91
20140409;107,95;4,99
20140410;107,52;5,17
20140411;107,4;5,37
20140414;109,07;5,29
20140415;109,36;5,59
20140416;109,6;5,51
20140417;109,53;5,6
20140422;109,27;5,73
20140423;109,11;5,72
20140424;110,33;5,77
20140425;109,58;5,12
20140428;108,12;5,26
20140429;108,98;5,46
20140430;108,07;5,46
20140501;107,76;5,46
20140502;108,59;5,24
20140505;107,72;5,27
20140506;106,49;5,28
20140507;107,61;5,18
20140508;107,49;5,19
20140509;107,28;5,3
20140512;107,79;5,36
20140513;108,54;5,34
20140514;109,31;5,16
20140515;109,09;4,83
20140516;109,75;4,85
20140519;109,37;4,75
20140520;109,69;4,89
20140521;110,55;5,17
20140522;110,36;5,21
20140523;110,54;5,17
20140526;110,32;5,14
20140527;110,02;5,22
20140528;109,81;5,25
20140529;109,97;5,25
20140530;109,41;5,1
20140602;108,83;5,19
20140603;108,82;5,48
20140604;108,4;5,44
20140605;108,79;5,58
20140606;108,61;5,48
20140609;109,99;5,57
20140610;108,86;5,53
20140611;109,37;5,4
20140612;112,42;5,59
20140613;112,46;5,71
20140616;112,94;5,68
20140617;113,45;5,75
20140618;114,26;5,7
20140619;115,06;5,59
20140620;114,81;5,7
20140623;114,12;5,84
20140624;114,46;5,79
20140625;114;5,75
20140626;113,21;5,75
20140627;113,3;5,81
20140630;112,36;5,86
20140701;112,29;6,05
20140702;111,24;6,11
20140703;111;6,03
20140704;110,64;5,69
20140707;110,24;5,58
20140708;109,06;5,77
20140709;108,47;5,83
20140710;109,01;5,7
20140711;107,26;5,76
20140714;107,71;5,9
20140715;106,88;5,96
20140716;107,17;6,06
20140717;107,89;6,17
20140718;107,24;6,02
20140721;107,68;6,08
20140722;107,33;6,19
20140723;108,03;6,19
20140724;107,07;6,07
20140725;108,39;6,15
20140728;107,57;6,21
20140729;107,72;6,05
20140730;106,51;6,15
20140731;106,02;6,23
20140801;104,84;6,29
20140804;105,41;6,25
20140805;105,25;6,22
20140806;105,27;6,23
20140807;106,08;5,96
20140808;105,62;5,99
20140811;105,39;6,15
20140812;103,89;6,13
20140813;105,06;6,25
20140814;102,07;6,25
20140815;103,53;6,4
20140818;101,6;6,36
20140819;101,56;6,46
20140820;102,28;6,44
20140821;102,63;6,37
20140822;102,29;6,38
20140825;102,65;6,35
20140826;102,5;6,32
20140827;102,72;6,38
20140828;102,46;6,46
20140829;103,19;6,41
20140901;102,79;6,42
20140902;100,96;6,41
20140903;103,34;6,34
20140904;102,3;6,13
20140905;101,4;6,28
20140908;100,86;6,29
20140909;99,93;6,14
20140910;98,78;6,1
20140911;98,86;6,12
20140912;97,96;6,06
20140915;97,88;5,93
20140916;99,05;5,81
20140917;98,97;5,9
20140918;97,7;5,99
20140919;98,39;6,03
20140922;96,97;6
20140923;96,85;5,67
20140924;96,95;5,82
20140925;97;5,82
20140926;97;5,93
20140929;97,2;5,77
20140930;94,67;5,84
20141001;94,16;5,81
20141002;93,42;5,69
20141003;92,31;5,68
20141006;92,79;5,68
20141007;92,57;5,73
20141008;91,79;6,05
20141009;90,37;6,12
20141010;90,58;6,04
20141013;89,41;6,06
20141014;85,41;6,08
20141015;84,12;6,15
20141016;85,82;6,21
20141017;86,16;6,13
20141020;85,4;6,14
20141021;86,22;6,18
20141022;84,71;6,23
20141023;86,83;6,34
20141024;86,13;6,41
20141027;85,83;6,29
20141028;86,03;6,16
20141029;87,12;6,42
20141030;86,24;6,42
20141031;85,86;6,35
20141103;84,78;6,58
20141104;83,38;6,49
20141105;83,52;6,65
20141106;83,46;6,63
20141107;83,97;6,76
20141110;82,95;6,72
20141111;82,39;6,8
20141112;81,12;6,85
20141113;77,49;6,79
20141114;79,41;6,62
20141117;79,31;6,9
20141118;78,47;7,02
20141119;78,1;7,04
20141120;79,33;6,96
20141121;80,36;7
20141124;79,68;7,05
20141125;78,33;7,12
20141126;77,75;7,19
20141127;72,58;7,09
20141128;70,15;7,04
20141201;72,54;7,07
20141202;70,54;6,85
20141203;69,92;6,89
20141204;69,64;6,84
20141205;69,07;6,66
20141208;66,19;6,66
20141209;67,22;6,74
20141210;64,56;6,65
20141211;63,99;6,83
20141212;62,15;6,75
20141215;61,21;6,98
20141216;60,01;7
20141217;61,18;7,07
20141218;59,27;7,12
20141219;61,38;7,16
20141222;60,11;7,19
20141223;61,69;7,34
20141224;60,24;7,46
20141229;57,88;7,34
20141230;57,9;7,3
20141231;57,33;7,34
20150102;56,42;7,09
20150105;53,11;6,99
20150106;51,1;6,86
20150107;52,17;6,87
20150108;52,03;6,9
20150109;51,3;6,8
20150112;48,7;6,8
20150113;47,82;7,38
20150114;49,86;7,25
20150115;48,27;7,21
20150116;50,17;7,22
20150119;48,84;7,3
20150120;47,99;7,25
20150121;49,03;7,41
20150122;48,52;6,84
20150123;48,79;6,88
20150126;48,16;6,93
20150127;49,6;6,91
20150128;48,47;7,02
20150129;49,13;7,12
20150130;52,99;7,15
20150202;54,75;7,2
20150203;57,91;7,13
20150204;54,16;7
20150205;56,57;7,07
20150206;57,8;7,02
20150209;58,34;6,99
20150210;56,43;7,18
20150211;55,92;7,31
20150212;59,28;7,47
20150213;61,52;7,71
20150216;61,4;7,72
20150217;62,53;7,54
20150218;60,53;7,56
20150219;60,21;7,41
20150220;60,22;7,38
20150223;58,9;7,76
20150224;58,66;7,52
20150225;61,63;7,45
20150226;60,05;7,12
20150227;62,58;7,15
20150302;59,54;7
20150303;61,02;6,78
20150304;60,55;7,08
20150305;60,48;6,8
20150306;59,73;6,85
20150309;58,53;6,73
20150310;56,39;6,87
20150311;57,88;6,81
20150312;57,28;6,46
20150313;55,01;6,51
20150316;53,94;6,54
20150317;53,51;6,78
20150318;55,91;6,79
20150319;54,43;6,72
20150320;55,32;7,09
20150323;55,92;7,09
20150324;55,11;7,08
20150325;56,48;7,01
20150326;59,19;6,99
20150327;56,41;6,81
20150330;56,29;6,93
20150331;55,11;6,97
20150401;57,1;7,19
20150402;54,95;7,19
20150407;59,1;7,15
20150408;55,55;7,16
20150409;57,69;7,05
20150410;58,95;6,98
20150413;59,04;6,84
20150414;59,81;6,84
20150415;63,32;6,89
20150416;63,98;6,91
20150417;63,45;6,88
20150420;63,45;7,17
20150421;62,08;7,12
20150422;62,73;7,12
20150423;64,85;7,29
20150424;65,28;7,32
20150427;64,83;7,19
20150428;64,64;7,39
20150429;65,84;7,5
20150430;66,78;7,43
20150501;66,46;7,52
20150504;66,45;7,62
20150505;67,52;7,59
20150506;67,77;7,57
20150507;65,54;7,47
20150508;65,39;7,57
20150511;64,91;7,66
20150512;66,86;7,63
20150513;67,27;7,68
20150514;66,7;7,59
20150515;66,81;7,62
20150518;66,27;7,63
20150519;64,02;7,4
20150520;65,03;7,38
20150521;66,54;7,33
20150522;65,37;7,34
20150525;65,52;7,39
20150526;63,72;7,26
20150527;62,06;7,21
20150528;62,58;7,22
20150529;65,56;7,36
20150601;64,88;7,28
20150602;65,49;7,48
20150603;63,8;7,52
20150604;62,03;7,43
20150605;63,31;7,44
20150608;62,69;7,48
20150609;64,88;7,6
20150610;66,37;7,62
20150611;65,79;7,54
20150612;64,64;7,64
20150615;63,95;7,55
20150616;63,7;7,45
20150617;63,87;7,5
20150618;64,26;7,48
20150619;63,02;7,44
20150622;63,34;7,5
20150623;64,45;7,52
20150624;63,49;7,51
20150625;63,2;7,61
20150626;63,26;7,55
20150629;62,01;7,37
20150630;63,59;7,46
20150701;62,01;7,5
20150702;62,07;7,46
20150703;60,32;7,45
20150706;56,54;7,39
20150707;56,85;7,47
20150708;57,05;7,46
20150709;58,61;7,49
20150710;58,73;7,62
20150713;57,85;7,8
20150714;58,51;7,74
20150715;57,12;7,77
20150716;56,92;7,67
20150717;57,1;7,75
20150720;56,65;7,99
20150721;57,04;7,97
20150722;56,13;7,97
20150723;55,27;8,09
20150724;54,62;8,02
20150727;53,47;8,03
20150728;53,3;8,03
20150729;53,38;8,07
20150730;53,31;7,89
20150731;52,21;7,88
20150803;49,52;7,96
20150804;49,99;7,91
20150805;49,59;7,84
20150806;49,52;7,85
20150807;48,61;7,79
20150810;50,41;7,93
20150811;49,18;8,1
20150812;50,18;8,2
20150813;49,63;8,2
20150814;49,19;8,33
20150817;48,74;8,25
20150818;48,81;8,28
20150819;47,16;8,35
20150820;46,62;8,37
20150821;45,46;8,21
20150824;42,69;8,18
20150825;43,21;8,26
20150826;43,14;8,11
20150827;47,56;8,05
20150828;50,05;8,12
20150831;54,15;8,08
20150901;49,56;8,02
20150902;50,5;8,13
20150903;50,68;8,18
20150904;49,61;8,1
20150907;47,63;8,09
20150908;49,52;8,25
20150909;48,52;8,28
20150910;49,85;8,29
20150911;49,04;8,27
20150914;47,35;8,24
20150915;47,75;8,18
20150916;49,75;8,24
20150917;49,08;8,24
20150918;47,47;8,12
20150921;48,92;7,99
20150922;49,08;8,03
20150923;47,75;8,08
20150924;48,17;8,01
20150925;48,6;8
20150928;47,34;7,92
20150929;48,23;7,98
20150930;48,37;8,15
20151001;47,69;8,17
20151002;48,13;8,15
20151005;49,25;8,21
20151006;51,92;8,22
20151007;51,77;8,11
20151008;53,38;8,13
20151009;52,91;8,35
20151012;50,25;8,3
20151013;49,69;8,33
20151014;49,69;8,44
20151015;49,73;8,43
20151016;50,46;8,39
20151019;48,61;8,35
20151020;48,71;8,47
20151021;47,85;8,45
20151022;48,08;8,48
20151023;47,99;8,63
20151026;47,54;8,66
20151027;46,81;8,61
20151028;49,05;8,57
20151029;48,8;8,68
20151030;49,56;8,64
20151102;48,79;8,6
20151103;50,54;8,45
20151104;48,58;8,4
20151105;47,98;8,47
20151106;47,42;8,41
20151109;47,19;8,32
20151110;47,44;8,44
20151112;45,19;8,37
20151113;44,47;8,39
20151116;44,56;8,53
20151117;43,57;8,61
20151118;44,14;8,58
20151119;44,18;8,63
20151120;44,66;8,51
20151123;44,83;8,56
20151124;46,12;8,65
20151125;46,17;8,62
20151126;45,46;8,58
20151127;44,86;8,58
20151130;44,61;8,58
20151201;44,44;8,56
20151202;42,49;8,48
20151203;43,84;8,59
20151204;43;8,52
20151207;40,73;8,41
20151208;40,26;8,41
20151209;40,34;8,48
20151210;40,13;8,43
20151211;38,32;8,14
20151214;38,16;8,15
20151215;38,73;8,26
20151216;37,39;8,2
20151217;37,06;8,14
20151218;36,88;8,13
20151221;36,35;8,26
20151222;36,11;8,32
20151223;37,36;8,29
20151228;36,62;8,38
20151229;37,79;8,34
20151230;36,46;8,28
20160104;37,22;8,11
20160105;36,42;8,06
20160106;34,63;7,81
20160107;34,09;7,6
20160108;33,93;7,46
20160111;31,88;7,17
20160112;30,95;7,15
20160113;30,28;7,29
20160114;30,88;7,13
20160115;28,94;6,72
20160118;28,55;6,76
20160119;28,76;6,86
20160120;27,88;6,36
20160121;29,25;6,21
20160122;32,18;6,36
20160125;30,5;5,91
20160126;31,8;6,1
20160127;33,93;5,93
20160128;34,8;6,09
20160129;35,99;6,07
20160201;34,24;5,71
20160202;32,72;5,84
20160203;35,04;5,64
20160204;34,46;5,62
20160205;34,06;5,57
20160208;32,88;5,25
20160209;30,32;4,97
20160210;30,84;4,89
20160211;30,06;4,75
20160212;33,36;5,07
20160215;33,39;4,81
20160216;32,18;4,7
20160217;34,5;5,1
20160218;34,28;5,26
20160219;33,01;5,17
20160222;34,69;5,42
20160223;33,27;4,91
20160224;35,07;4,87
20160225;35,7;5,08
20160226;35,44;5
20160229;36,57;5,01
20160301;36,81;5
20160302;36,93;4,97
20160303;37,07;4,9
20160304;38,72;4,93
20160307;40,84;5,1
20160308;39,65;5,03
20160309;41,07;5,09
20160310;40,05;4,92
20160311;40,39;5
20160314;39,53;4,88
20160315;38,74;4,87
20160316;40,33;4,97
20160317;41,54;5,01
20160318;41,2;4,95
20160321;41,54;4,88
20160322;41,79;4,83
20160323;40,47;4,81
20160324;41,03;4,86
20160329;39,85;4,79
20160330;40,05;4,97
20160331;40,33;5,22
20160401;38,67;5,18
20160404;37,69;5,33
20160405;37,87;5,24
20160406;39,84;5,31
20160407;39,43;5,28
20160408;41,94;5,42
20160411;42,83;5,58
20160412;44,69;5,59
20160413;44,21;5,54
20160414;43,8;5,61
20160415;43,06;5,48
20160418;42,77;5,47
20160419;43,85;5,57
20160420;45,63;5,55
20160421;44,39;5,75
20160422;45,07;5,97
20160425;44,32;5,9
20160426;45,58;6,62
20160427;46,93;6,84
20160428;47,77;6,34
20160429;47,37;6,18
20160502;45,83;6,11
20160503;44,97;5,99
20160504;44,62;6,13
20160505;45,01;6,2
20160506;45,37;5,86
20160509;43,63;5,7
20160510;45,52;5,9
20160511;47,6;6,02
20160512;48,08;5,81
20160513;47,83;5,85
20160516;48,97;6,11
20160517;49,28;6,05
20160518;48,93;6,06
20160519;48,81;6
20160520;48,72;5,97
20160523;48,35;5,74
20160524;48,61;5,8
20160525;50,23;5,87
20160526;50,17;6,03
20160527;49,95;6,04
20160530;50,36;6,12
20160531;49,89;6,1
20160601;49,72;5,97
20160602;50,04;6,03
20160603;49,64;5,95
20160606;50,55;6,21
20160607;51,44;6,12
20160608;52,51;6,11
20160609;51,95;6,12
20160610;50,54;5,96
20160613;50,35;5,86
20160614;49,83;5,86
20160615;48,97;5,91
20160616;47,19;5,71
20160617;49,17;5,67
20160620;50,65;5,86
20160621;50,62;5,56
20160622;49,88;5,69
20160623;50,91;5,65
20160624;48,41;4,96
20160627;47,16;4,77
20160628;48,58;4,69
20160629;51,32;4,52
20160630;49,71;4,47
20160701;50,35;4,62
20160704;50,1;4,97
20160705;47,96;4,71
20160706;48,8;4,59
20160707;46,4;4,58
20160708;46,76;4,55
20160711;46,25;4,43
20160712;48,47;4,63
20160713;46,26;4,79
20160714;47,37;4,78
20160715;47,61;4,93
20160718;46,96;4,85
20160719;46,66;4,67
20160720;47,17;4,69
20160721;46,2;4,66
20160722;45,69;4,57
20160725;44,72;4,6
20160726;44,87;4,52
20160727;43,91;4,54
20160728;43,23;4,49
20160729;43,53;4,43
20160801;42,14;4,38
20160802;41,8;4,42
20160803;43,1;4,64
20160804;44,29;4,7
20160805;44,27;4,73
20160808;45,39;4,95
20160809;44,98;4,88
20160810;44,05;4,77
20160811;46,04;4,88
20160812;46,97;4,9
20160815;48,35;4,81
20160816;49,23;4,7
20160817;49,85;4,49
20160818;50,89;4,69
20160819;50,88;4,77
20160822;49,16;4,9
20160823;49,96;4,71
20160824;49,05;4,61
20160825;49,67;4,71
20160826;49,92;4,7
20160829;49,26;4,7
20160830;48,37;4,55
20160831;46,89;4,47
20160901;45,45;4,38
20160902;46,83;4,08
20160905;47,63;3,93
20160906;47,26;4,13
20160907;47,98;4,01
20160908;49,99;4,08
20160909;48,01;4,08
20160912;48,32;4,03
20160913;47,1;4,03
20160914;45,85;3,98
20160915;46,59;4,14
20160916;45,77;4,36
20160919;45,95;4,4
20160920;45,88;4,16
20160921;46,83;4,21
20160922;47,65;4,42
20160923;45,89;4,54
20160926;47,35;4,62
20160927;45,97;4,43
20160928;48,69;4,95
20160929;49,81;5,02
20160930;50,19;4,96
20161003;50,89;5,31
20161004;50,87;5,21
20161005;51,86;5,48
20161006;52,51;5,86
20161007;51,93;5,69
20161010;53,14;5,66
20161011;52,41;5,43
20161012;51,81;5,52
20161013;52,03;5,65
20161014;51,95;5,81
20161017;51,52;5,87
20161018;51,68;5,95
20161019;52,67;5,67
20161020;51,38;5,58
20161021;51,78;5,89
20161024;51,46;5,81
20161025;50,79;5,81
20161026;51,04;5,94
20161027;51,6;5,81
20161028;50,68;5,88
20161031;48,61;5,9
20161101;48,14;6,03
20161102;46,86;6,24
20161103;46,35;6,5
20161104;45,58;6,41
20161107;46,15;6,23
20161108;46,04;6,15
20161109;46,36;6,13
20161110;45,84;5,92
20161111;44,75;5,67
20161114;44,43;5,41
20161115;46,95;5,74
20161116;46,63;5,55
20161117;46,49;5,9
20161118;46,86;5,58
20161121;48,9;5,48
20161122;49,12;5,51
20161123;48,95;5,39
20161124;49;5,34
20161125;47,24;5
20161128;48,24;4,74
20161129;46,38;4,56
20161130;51,84;4,58
20161201;53,94;4,46
20161202;54,46;4,3
20161205;54,94;4,37
20161206;53,93;4,5
20161207;53;4,3
20161208;53,89;4,61
20161209;54,33;4,46
20161212;55,69;4,87
20161213;55,72;4,79
20161214;53,9;5,04
20161215;54,02;4,86
20161216;55,21;4,95
20161219;54,92;5,12
20161220;55,35;5,25
20161221;54,46;5,82
20161222;55,79;6,09
20161223;55,9;6,24
20161227;56,83;6,34
20161228;56,96;6,34
20161229;56,85;6,37
20161230;56,82;6,57
20170103;55,47;5,44
20170104;56,46;5,73
20170105;56,89;5,3
20170106;57,1;5,05
20170109;54,94;5,28
20170110;53,64;5,52
20170111;55,1;5,53
20170112;56,01;5,05
20170113;55,45;5,05
20170116;55,86;4,7
20170117;55,47;5
20170118;53,92;4,84
20170119;54,16;5,2
20170120;55,49;5,43
20170123;55,23;5,33
20170124;55,44;5,09
20170125;55,42;4,98
20170126;56,49;5,2
20170127;55,7;4,92
20170130;55,32;5,17
20170131;55,58;5,36
20170201;56,8;5,28
20170202;56,56;5,23
20170203;56,81;5,16
20170206;55,72;5,1
20170207;55,05;5,17
20170208;55,12;5,22
20170209;55,63;5,29
20170210;56,7;5,12
20170213;55,59;4,9
20170214;55,97;5,13
20170215;55,75;5,07
20170216;55,65;4,94
20170217;55,81;4,98
20170220;56,18;5,09
20170221;56,66;5,05
20170222;56,04;5,07
20170223;56,82;5,35
20170224;56,31;5,39
20170227;56,42;5,2
20170228;56,51;5,24
20170301;56,36;5,91
20170302;55,08;5,47
20170303;55,9;5,6
20170306;56,01;5,49
20170307;55,92;5,38
20170308;53,11;5,24
20170309;52,19;5,13
20170310;51,37;5,17
20170313;51,35;5,16
20170314;50,92;5,11
20170315;51,81;5,2
20170316;51,74;5,15
20170317;51,76;5,14
20170320;51,62;4,99
20170321;50,96;4,94
20170322;50,64;4,97
20170323;50,56;4,98
20170324;50,8;4,77
20170327;50,75;4,63
20170328;51,33;4,74
20170329;52,54;4,76
20170330;53,13;4,92
20170331;53,53;4,69
20170403;53,12;4,87
20170404;54,17;4,65
20170405;54,36;4,82
20170406;54,89;5,06
20170407;55,24;4,89
20170410;55,98;4,79
20170411;56,23;4,87
20170412;55,86;4,93
20170413;55,89;4,95
20170418;54,89;4,86
20170419;52,93;4,83
20170420;52,99;4,75
20170421;51,96;4,57
20170424;51,6;4,64
20170425;52,1;4,5
20170426;52,41;4,61
20170427;51,82;4,55
20170428;52,05;4,57
20170502;50,46;4,45
20170503;50,79;4,4
20170504;48,38;4,52
20170505;49,1;4,58
20170508;49,34;4,42
20170509;48,73;4,52
20170510;50,22;4,45
20170511;50,77;4,35
20170512;50,84;4,46
20170515;51,82;4,39
20170516;51,65;4,54
20170517;52,21;4,58
20170518;52,51;4,76
20170519;53,61;4,85
20170522;53,87;4,91
20170523;54,15;4,75
20170524;53,96;4,91
20170525;51,46;4,98
20170526;52,15;5,19
20170529;52,29;5,17
20170530;51,84;5,14
20170531;50,76;4,98
20170601;50,63;5,08
20170602;49,95;5,16
20170605;49,47;5,17
20170606;50,12;4,97
20170607;48,06;4,88
20170608;47,86;5,05
20170609;48,15;5,04
20170612;48,29;4,92
20170613;48,72;5,01
20170614;47;4,94
20170615;46,92;4,96
20170616;47,37;4,88
20170619;46,91;4,93
20170620;46,02;4,95
20170621;44,82;4,88
20170622;45,22;4,86
20170623;45,54;4,87
20170626;45,83;4,78
20170627;46,65;4,94
20170628;47,54;4,94
20170629;47,63;5,07
20170630;48,77;5,03
20170703;49,68;5,14
20170704;49,61;5,12
20170705;47,79;5,04
20170706;48,11;5,24
20170707;46,71;5,34
20170710;46,88;5,4
20170711;47,52;5,33
20170712;47,74;5,48
20170713;48,42;5,36
20170714;48,91;5,42
20170717;48,42;5,44
20170718;48,84;5,46
20170719;49,7;5,39
20170720;49,3;5,3
20170721;48,06;5,09
20170724;48,6;5,14
20170725;50,2;5,16
20170726;51,1;5,25
20170727;51,52;5,14
20170728;52,22;5,18
20170731;52,72;5,23
20170801;51,78;5,3
20170802;52,36;5,43
20170803;52,01;5,43
20170804;52,42;5,35
20170807;52,37;5,27
20170808;52,14;5,27
20170809;52,7;5,37
20170810;51,9;5,37
20170811;52,1;5,39
20170814;50,73;5,52
20170815;50,8;5,53
20170816;50,27;5,8
20170817;51,03;5,81
20170818;52,72;5,82
20170821;51,66;5,75
20170822;51,87;5,78
20170823;52,57;5,95
20170824;52,04;5,95
20170825;52,41;6,09
20170828;51,89;6,1
20170829;52;6,04
20170830;50,73;6,03
20170831;52,86;5,94
20170901;52,75;5,83
20170904;52,34;5,92
20170905;53,38;6,5
20170906;54,2;6,7
20170907;54,49;6,9
20170908;53,78;7,07
20170911;53,84;6,88
20170912;54,27;6,87
20170913;55,16;7,1
20170914;55,47;7,1
20170915;55,62;6,95
20170918;55,48;6,73
20170919;55,14;7,03
20170920;56,29;6,91
20170921;56,43;6,56
20170922;56,86;6,65
20170925;59,02;7,28
20170926;58,44;6,98
20170927;57,57;6,93
20170928;57,16;6,96
20170929;56,79;7,07
20171002;56,12;6,94
20171003;56;7
20171004;55,8;6,9
20171005;57;6,89
20171006;55,62;7
20171009;55,79;6,96
20171010;56,61;7,39
20171011;56,94;7,38
20171012;56,25;7,41
20171013;57,17;7,32
20171016;57,82;7,36
20171017;57,88;7,42
20171018;58,15;7,81
20171019;57,23;7,65
20171020;57,75;7,57
20171023;57,37;7,44
20171024;58,33;7,47
20171025;58,23;7,4
20171026;59,04;7,2
20171027;60,13;7,17
20171030;60,59;7,14
20171031;60,94;7,37
20171101;60,49;7,51
20171102;60,62;7,66
20171103;62,07;7,88
20171106;64,27;7,92
20171107;63,69;7,75
20171108;63,49;7,72
20171109;63,93;7,55
20171110;63,52;7,4
20171113;63,16;7,35
20171114;62,21;7,39
20171115;61,87;7,69
20171116;61,36;7,5
20171117;62,72;7,48
20171120;62,22;7,44
20171121;62,57;7,39
20171122;63,32;7,37
20171123;63,55;7,66
20171124;63,86;7,77
20171127;63,84;7,7
20171128;63,61;7,59
20171129;62,53;7,7
20171130;62,63;7,53
20171201;63,73;7,68
20171204;62,45;7,55
20171205;62,86;7,43
20171206;61,22;7,27
20171207;62,2;7,35
20171208;63,4;7,14
20171211;64,69;7,2
20171212;63,34;7,14
20171213;62,44;7,11
20171214;63,31;7,13
20171215;63,23;7,21
20171218;63,41;7,43
20171219;63,8;7,54
20171220;64,56;7,81
20171221;64,9;8,02
20171222;65,25;8,19
20171226;67,02;8,19
20171227;66,44;8,17
20171228;66,16;8,21
20171229;66,87;8,18
20180102;66,57;7,81
20180103;67,84;7,83
20180104;68,07;7,77
20180105;67,62;7,78
20180108;67,78;7,66
20180109;68,82;7,78
20180110;69,2;7,89
20180111;69,26;7,82
20180112;69,87;7,86
20180115;70,26;7,8
20180116;69,15;8,05
20180117;69,38;8,18
20180118;69,31;8,49
20180119;68,61;8,76
20180122;69,03;8,75
20180123;69,96;9,01
20180124;70,53;9,46
20180125;70,42;9,24
20180126;70,52;9,09
20180129;69,46;9
20180130;69,02;8,88
20180131;68,89;9,28
20180201;69,65;9,27
20180202;68,58;8,96
20180205;67,62;9,07
20180206;66,86;8,8
20180207;65,51;8,99
20180208;64,81;9,12
20180209;62,79;9,23
20180212;62,59;9,48
20180213;62,72;9,9
20180214;64,36;9,6
20180215;64,33;9,54
20180216;64,84;9,52
20180219;65,67;9,88
20180220;65,25;9,72
20180221;65,42;9,56
20180222;66,39;9,72
20180223;67,31;9,81
20180226;67,5;9,63
20180227;66,63;10,15
20180228;64,73;10,1
20180301;63,83;9,99
20180302;64,37;10,14
20180305;65,54;10,36
20180306;65,79;10,47
20180307;64,34;10,64
20180308;63,61;11,12
20180309;65,49;11,12
20180312;64,95;11,08
20180313;64,64;11,4
20180314;64,89;11,18
20180315;65,12;11,19
20180316;66,21;11,17
20180319;66,05;11,06
20180320;67,42;11,55
20180321;69,47;12,65
20180322;68,91;12,34
20180323;70,45;12,61
20180326;70,12;12,99
20180327;70,11;13,68
20180328;68,76;12,99
20180329;69,34;13,28
20180403;68,12;13,3
20180404;68,02;13,06
20180405;68,33;12,64
20180406;67,11;12,99
20180409;68,65;13,33
20180410;71,04;13,38
20180411;72,06;13,43
20180412;72,02;13,59
20180413;72,58;13,94
20180416;71,42;14
20180417;71,58;13,74
20180418;73,48;13,89
20180419;73,78;13,46
20180420;74,06;13,05
20180423;74,71;12,89
20180424;73,86;13,23
20180425;73,23;13,26
20180426;73,88;13,49
20180427;73,79;13,56
20180430;74,69;13,59
20180501;73,13;13,39
20180502;73,36;13,06
20180503;73,62;12,96
20180504;74,87;13,02
20180507;76,17;13,62
20180508;74,85;13,6
20180509;77,21;14
20180510;77,47;14,61
20180511;77,12;14,63
20180514;78,23;14,64
20180515;78,43;14,32
20180516;79,28;15,18
20180517;79,3;15,3
20180518;78,51;15,25
20180521;79,22;15,56
20180522;79,57;15,95
20180523;79,8;16,01
20180524;78,79;16,29
20180525;76,44;16
20180528;75,3;16,31
20180529;75,39;16,3
20180530;77,72;15,84
20180531;77,56;14,91
20180601;76,79;15,29
20180604;75,29;16,13
20180605;75,38;15,77
20180606;75,36;15,93
20180607;77,32;16
20180608;76,46;15,82
20180611;76,46;15,49
20180612;75,88;15,15
20180613;76,74;15,31
20180614;75,94;14,91
20180615;73,44;14,53
20180618;75,34;14,6
20180619;75,08;14,24
20180620;74,74;14,5
20180621;73,05;14,81
20180622;75,55;15,12
20180625;74,73;15,03
20180626;76,31;15,03
20180627;77,46;15,26
20180628;77,61;15
20180629;79,23;14,99
20180702;77,3;15,07
20180703;77,76;15,1
20180704;78,24;15,52
20180705;77,39;15,68
20180706;77,11;15,7
20180709;78,07;16
20180710;78,86;16,05
20180711;73,4;16,32
20180712;74,45;16,09
20180713;75,33;16,06
20180716;71,84;15,93
20180717;72,16;16,08
20180718;72,9;16,41
20180719;72,58;16,86
20180720;73,07;17,07
20180723;73,06;17,39
20180724;73,44;17,1
20180725;73,93;17,34
20180726;74,54;17,29
20180727;74,29;17,12
20180730;74,97;17,05
20180731;74,25;17,4
20180801;72,39;17,78
20180802;73,45;17,64
20180803;73,21;17,68
20180806;73,75;17,57
20180807;74,65;17,51
20180808;72,28;17,4
20180809;72,07;17,6
20180810;72,81;17,89
20180813;72,61;18,06
20180814;72,46;18,16
20180815;70,76;18,09
20180816;71,43;17,99
20180817;71,83;18,14
20180820;72,21;18,49
20180821;72,63;19,31
20180822;74,78;19,8
20180823;74,73;20,38
20180824;75,82;20,69
20180827;76,21;21,3
20180828;75,95;20,69
20180829;77,46;21,06
20180830;78,02;21,16
20180831;77,64;21,09
20180903;78,15;20,17
20180904;78,17;20,18
20180905;77,27;20,37
20180906;76,5;21,47
20180907;76,83;23,22
20180910;77,37;25,23
20180911;79,06;24,18
20180912;79,74;22,95
20180913;78,18;18,9
20180914;78,09;19,97
20180917;78,05;20,94
20180918;79,03;20,23
20180919;79,4;21,47
20180920;78,7;22,03
20180921;78,8;22,13
20180924;81,2;22,43
20180925;81,87;21,25
20180926;81,34;20,24
20180927;81,38;20,83
20180928;82,73;21,21
20181001;84,98;21,37
20181002;84,8;20,98
20181003;86,29;21,18
20181004;84,58;21,34
20181005;84,16;22,16
20181008;83,91;21,94
20181009;85;20,79
20181010;83,09;19,46
20181011;80,26;19,87
20181012;80,43;20,37
20181015;80,78;18,58
20181016;81,41;19,29
20181017;80,05;19,27
20181018;79,29;19,74
20181019;79,78;19,71
20181022;79,83;19
20181023;76,44;19,23
20181024;76,17;19,61
20181025;76,89;19,08
20181026;77,62;18,28
20181029;77,34;16,68
20181030;75,91;16,02
20181031;75,04;16,36
20181101;72,89;15,62
20181102;72,83;17,08
20181105;73,17;17,23
20181106;72,13;17,57
20181107;72,07;18,62
20181108;70,65;19,56
20181109;70,18;19,5
20181112;70,12;20,5
20181113;65,47;20,14
20181114;66,12;19,73
20181115;66,62;19
20181116;66,76;19,11
20181119;66,79;18,93
20181120;62,53;19,46
20181121;63,48;20,49
20181122;62,6;20,92
20181123;58,8;20,21
20181126;60,48;19,83
20181127;60,21;19,6
20181128;59,09;19,29
20181129;59,91;20,02
20181130;59,46;20,5
20181203;61,69;20,63
20181204;62,08;20,73
20181205;61,56;19,67
20181206;60,06;19,99
20181207;61,67;20,29
20181210;59,97;20,86
20181211;60,2;20,16
20181212;60,15;21,47
20181213;61,45;22,67
20181214;60,28;23,72
20181217;59,61;24,6
20181218;56,26;24,33
20181219;57,24;24,62
20181220;54,35;24,47
20181221;53,82;24,92
20181224;50,47;25,18
20181227;52,73;25,01
20181228;53,21;24,98
20181231;53,8;25,01
20190102;54,91;25,31
20190103;55,95;23,32
20190104;57,06;23,73
20190107;57,33;22,25
20190108;58,72;22,84
20190109;61,44;22,03
20190110;61,68;22,11
20190111;60,48;22,74
20190114;58,99;22,55
20190115;60,64;22,62
20190116;61,32;23,4
20190117;61,18;23,67
20190118;62,7;24,86
20190121;62,74;24,47
20190122;61,5;25,21
20190123;61,14;24,72
20190124;61,09;24,07
20190125;61,64;23,93
20190128;59,93;22,77
20190129;61,32;23,39
20190130;61,54;23,06
20190131;60,84;22,3
20190201;62,75;21,99
20190204;62,51;23,06
20190205;61,98;23,17
20190206;62,69;23,7
20190207;61,63;23,48
20190208;62,1;22,37
20190211;61,51;22,4
20190212;62,42;20,7
20190213;63,61;20,94
20190214;64,57;19,78
20190215;66,25;20,42
20190218;66,5;20,01
20190219;66,45;20,21
20190220;67,08;20,48
20190221;67,07;18,8
20190222;67,12;18,94
20190225;64,76;19,24
20190226;65,21;19,66
20190227;66,58;21,27
20190228;66,31;21,69
20190301;65,07;22,28
20190304;65,67;23,13
20190305;65,86;22,94
20190306;65,99;22,13
20190307;66,3;23,27
20190308;65,74;23,02
20190311;66,58;22,28
20190312;66,67;22,33
20190313;67,55;22,28
20190314;67,23;22,74
20190315;67,16;22,47
20190318;67,54;21,82
20190319;67,61;21,12
20190320;68,5;21,64
20190321;67,86;20,94
20190322;67,03;20,67
20190325;67,21;20,94
20190326;67,97;21,54
20190327;67,83;21,85
20190328;67,1;22,26
20190329;67,58;21,54
20190401;69,01;21,91
20190402;69,37;22,01
20190403;69,31;23,16
20190404;69,4;24,44
20190405;70,34;24,6
20190408;71,1;24,31
20190409;70,61;25,53
20190410;71,73;26,13
20190411;70,83;27,32
20190412;71,55;26,58
20190415;71,18;26,81
20190416;71,72;27
20190417;71,62;27,46
20190418;71,97;26,89
20190423;74,51;27,53
20190424;74,57;27,4
20190425;74,35;27,28
20190426;71,63;25,85
20190429;71,54;26,38
20190430;72,06;26,29
20190501;72,18;25,78
20190502;70,75;24,7
20190503;70,85;25,2
20190506;71,24;25,33
20190507;69,88;26,4
20190508;70,37;26,91
20190509;70,39;26,5
20190510;70,62;25,62
20190513;70,23;25,03
20190514;71,24;25,89
20190515;71,77;25,97
20190516;72,62;25,57
20190517;72,21;25
20190520;71,97;25,2
20190521;72,18;25,38
20190522;70,99;26,37
20190523;67,76;26,06
20190524;68,69;25,47
20190527;70,11;25,59
20190528;68,67;25,48
20190529;67,87;25,53
20190530;65,33;25,3
20190531;61,99;24,46
20190603;61,28;23,74
20190604;61,97;24,56
20190605;60,63;24,25
20190606;61,67;23,98
20190607;63,29;24,51
20190610;62,29;25,2
20190611;62,29;24,98
20190612;59,97;24,82
20190613;61,31;24,96
20190614;62,01;25,05
20190617;60,94;25,02
20190618;62,14;25,12
20190619;61,82;24,96
20190620;64,45;25,1
20190621;65,2;25,3
20190624;64,86;26,37
20190625;65,05;26,41
20190626;66,49;27,39
20190627;65,67;26,89
20190628;64,74;26,28
20190701;65,06;26,92
20190702;62,4;26,72
20190703;63,82;26,51
20190704;63,3;26,01
20190705;64,23;26,38
20190708;64,11;26,81
20190709;64,16;26,56
20190710;67,01;28,19
20190711;66,52;28,29
20190712;66,72;28,79
20190715;66,48;29,05
20190716;64,35;28,47
20190717;63,66;28,47
20190718;61,93;27,78
20190719;62,47;28,89
20190722;63,26;28,99
20190723;63,83;29,81
20190724;63,18;29,19
20190725;63,39;29,02
20190726;63,46;28,29
20190729;63,71;28,42
20190730;64,72;27,9
20190731;65,05;27,98
20190801;60,5;29,45
20190802;61,89;29,26
20190805;59,81;28,7
20190806;58,94;28,41
20190807;56,23;28,28
20190808;57,38;28,53
20190809;58,53;28,12
20190812;58,57;26,7
20190813;61,3;27,1
20190814;59,48;26,91
20190815;58,23;25,98
20190816;58,64;25,96
20190819;59,74;26,56
20190820;60,03;26,25
20190821;60,3;26,02
20190822;59,92;25,66
20190823;59,34;25,1
20190826;58,7;25,83
20190827;59,51;25,41
20190828;60,49;26,01
20190829;60,49;26,46
20190830;59,25;26,32
20190902;58,66;25,19
20190903;58,26;25,23
20190904;60,7;25,52
20190905;60,95;25,53
20190906;61,54;25,08
20190909;62,59;25,02
20190910;62,38;26,72
20190911;60,81;26,27
20190912;60,38;26,43
20190913;60,22;26,38
20190916;69,02;27,04
20190917;64,55;26,22
20190918;63,6;25,45
20190919;64,4;25,95
20190920;64,28;26,53
20190923;64,77;25,8
20190924;63,1;25,54
20190925;62,39;25,21
20190926;61,74;25,64
20190927;61,04;25,3
20190930;59,25;24,72
20191001;58,89;25,04
20191002;57,69;24,19
20191003;57,71;23,24
20191004;58,37;22,94
20191007;58,35;23,41
20191008;58,24;22,53
20191009;58,32;22,65
20191010;59,1;23,26
20191011;60,51;24,44
20191014;59,35;24,15
20191015;58,74;25,71
20191016;59,42;26,3
20191017;59,91;26,06
20191018;59,42;25,88
20191021;58,96;25,93
20191022;59,7;25,66
20191023;61,17;24,75
20191024;61,67;25,44
20191025;62,02;24,97
20191028;61,57;25,12
20191029;61,59;25,45
20191030;60,61;26
20191031;59,62;25,61
20191101;61,69;25,29
20191104;62,13;25,63
20191105;62,96;25,51
20191106;61,74;24,79
20191107;62,29;24,94
20191108;62,51;24,84
20191111;62,18;24,93
20191112;62,06;24,12
20191113;62,37;24,39
20191114;62,28;23,96
20191115;63,3;23,85
20191118;62,44;23,39
20191119;60,91;23,44
20191120;62,4;24,03
20191121;63,97;23,94
20191122;63,39;24,58
20191125;63,65;24,44
20191126;64,27;24,38
20191127;64,06;25,11
20191128;63,27;25,01
20191129;60,49;25,22
20191202;60,92;24,33
20191203;60,82;24
20191204;63;24,74
20191205;63,39;24,69
20191206;64,39;24,94
20191209;64,25;25,13
20191210;64,34;24,94
20191211;63,72;24,48
20191212;64,2;25,07
20191213;65,22;24,17
20191216;65,34;25,01
20191217;66,1;26,07
20191218;66,17;26,58
20191219;66,54;26,85
20191220;66,14;26,67
20191223;66,39;26,54
20191224;67,2;26,08
20191227;68,16;26,7
20191230;66,67;25,09
20200102;66,25;24,39
20200103;68,6;24,98
20200106;68,91;24,23
20200107;68,27;24,55
20200108;65,44;24,08
20200109;65,37;24,67
20200110;64,98;24,21
20200113;64,2;24,14
20200114;64,49;23,84
20200115;64;24,51
20200116;64,62;24,85
20200117;64,85;25,44
20200120;65,2;25,17
20200121;64,59;24,92
20200122;63,21;25,01
20200123;62,04;24,7
20200124;60,69;24,38
20200127;59,32;24,59
20200128;59,51;24,65
20200129;59,81;23,99
20200130;57,33;23,74
20200131;56,62;23,88
20200203;54,45;23,21
20200204;53,96;23,36
20200205;55,28;23,77
20200206;54,93;23,56
20200207;54,47;23,32
20200210;53,27;23,16
20200211;54,01;23,3
20200212;55,79;23,88
20200213;56,34;24,4
20200214;57,32;24,29
20200217;57,67;25,05
20200218;57,75;25,14
20200219;59,12;25,71
20200220;59,31;25,64
20200221;58,5;25,61
20200224;56,3;24,57
20200225;54,95;24,18
20200226;53,43;24,26
20200227;51,73;23,6
20200228;49,67;23,61
20200302;51,9;23,52
20200303;51,86;23,36
20200304;51,13;23,83
20200305;49,99;23,81
20200306;45,27;23,42
20200309;34,36;23,28
20200310;37,22;24,1
20200311;35,79;23,92
20200312;33,22;22,52
20200313;33,85;21,94
20200316;30,05;19,47
20200317;28,73;18,31
20200318;24,88;15,3
20200319;28,47;16,39
20200320;26,98;16,11
20200323;27,03;15,54
20200324;27,15;16,78
20200325;27,39;17,51
20200326;26,34;17,35
20200327;24,93;16,39
20200330;22,76;17,06
20200331;26,35;17,68
20200401;24,74;17,08
20200402;29,94;18,06
20200403;34,11;17,96
20200406;33,05;20,4
20200407;31,87;20,51
20200408;32,84;21,14
20200409;31,48;21,08
20200414;29,6;19,81
20200415;27,69;19,25
20200416;27,82;20,94
20200417;28,08;21,7
20200420;25,57;21,38
20200421;19,33;19,85
20200422;20,37;20,66
20200423;21,33;21,03
20200424;21,44;20,74
20200427;19,99;20,28
20200428;20,46;20,21
20200429;24,23;20,19
20200430;26,48;19,57
20200501;26,44;18,97
20200504;27,2;19,35
20200505;30,97;19,09
20200506;29,72;19
20200507;29,46;19,54
20200508;30,97;19,35
20200511;29,63;19,07
20200512;29,98;18,52
20200513;29,19;18,67
20200514;31,13;18,84
20200515;32,5;19,17
20200518;34,81;20,34
20200519;34,65;19,97
20200520;35,75;21,26
20200521;36,06;21,18
20200522;35,13;21,4
20200525;35,53;21,59
20200526;36,17;21,6
20200527;34,74;21,33
20200528;36,03;21,26
20200529;37,84;21,4
20200601;38,32;20,97
20200602;39,57;22,07
20200603;39,79;22,08
20200604;39,99;22,21
20200605;42,3;23,24
20200608;40,8;22,71
20200609;41,18;22,48
20200610;41,73;22,91
20200611;38,55;22,27
20200612;38,73;22
20200615;39,72;22,16
20200616;40,96;22,78
20200617;40,71;22,75
20200618;41,51;24,47
20200619;42,19;24,16
20200622;43,08;24,53
20200623;42,63;25,41
20200624;40,31;25,4
20200625;41,05;25,18
20200626;41,02;24,73
20200629;41,71;26,63
20200630;41,27;26,97
20200701;42,03;27,71
20200702;43,14;27,37
20200703;42,8;27,91
20200706;43,1;29,7
20200707;43,08;29,39
20200708;43,29;29,32
20200709;42,35;28,61
20200710;43,24;29,02
20200713;42,72;29,35
20200714;42,9;29,64
20200715;43,79;28,85
20200716;43,37;26,61
20200717;43,14;27,82
20200720;43,28;26,17
20200721;44,32;26,61
20200722;44,29;26,63
20200723;43,31;27,33
20200724;43,34;26,37
20200727;43,41;25,01
20200728;43,22;25,74
20200729;43,75;26,19
20200730;43,25;25,54
20200731;43,52;26,28
20200803;44,15;26,13
20200804;44,43;26,83
20200805;45,17;26,77
20200806;45,09;26,39
20200807;44,4;26,42