Date;Brent 1M
20080103;116,969
20080104;116,683
20080107;115,714
20080108;112,845
20080109;114,22
20080110;112,821
20080111;110,251
20080114;108,876
20080115;111,088
20080116;108,768
20080117;107,187
20080118;106,289
20080121;106,864
20080122;104,804
20080123;105,93
20080124;103,738
20080125;106,672
20080128;108,864
20080129;109,439
20080130;110,181
20080131;110,816
20080201;110,433
20080204;107,116
20080205;108,349
20080206;106,373
20080207;105,127
20080208;106,002
20080211;110,11
20080212;112,014
20080213;111,211
20080214;111,777
20080215;114,459
20080218;113,821
20080219;114,158
20080220;118,549
20080221;118,38
20080222;115,758
20080225;116,684
20080226;117,502
20080227;119,643
20080228;118,2
20080229;121,363
20080303;120,401
20080304;120,858
20080305;117,298
20080306;122,253
20080307;123,42
20080310;123,143
20080311;125,284
20080312;126,595
20080313;127,784
20080314;129,168
20080317;128,864
20080318;123,465
20080319;128,088
20080320;122,215
20080325;121,171
20080326;122,069
20080327;126,183
20080328;127,408
20080331;125,916
20080401;121,705
20080402;121,547
20080403;125,891
20080404;124,399
20080407;127,287
20080408;130,005
20080409;129,034
20080410;131,671
20080411;131,319
20080414;131,853
20080415;133,154
20080416;135,584
20080417;136,896
20080418;136,617
20080421;138,427
20080422;139,047
20080423;140,894
20080424;141,514
20080425;138,938
20080428;141,368
20080429;141,854
20080430;137,832
20080502;134,271
20080505;139,205
20080506;143,373
20080507;146,192
20080508;148,634
20080509;149,266
20080512;152,377
20080513;149,351
20080514;150,797
20080515;148,765
20080516;148,306
20080519;151,16
20080520;151,245
20080521;154,607
20080522;160,484
20080523;157,836
20080526;159,118
20080527;160,085
20080528;155,175
20080529;158,344
20080530;153,458
20080602;154,534
20080603;154,824
20080604;150,664
20080605;147,665
20080606;154,244
20080609;166,519
20080610;161,948
20080611;158,452
20080612;163,839
20080613;165,03
20080616;162,456
20080617;161,976
20080618;160,785
20080619;164,056
20080620;158,717
20080623;162,156
20080624;163,418
20080625;164,08
20080626;161,519
20080627;168,132
20080630;168,709
20080701;168,132
20080702;169,142
20080703;173,458
20080704;175,647
20080707;173,651
20080708;170,585
20080709;164,044
20080710;164,224
20080711;170,777
20080714;173,735
20080715;173,05
20080716;166,833
20080717;162,002
20080718;156,348
20080721;155,298
20080722;158,185
20080723;154,535
20080724;149,453
20080725;150,825
20080728;148,535
20080729;150,109
20080730;146,376
20080731;151,612
20080801;147,891
20080804;148,129
20080805;143,954
20080806;140,399
20080807;139,564
20080808;140,59
20080811;135,187
20080812;134,399
20080813;132,586
20080814;135,356
20080815;133,977
20080818;132,645
20080819;131,926
20080820;133,47
20080821;134,778
20080822;141,614
20080825;134,26
20080826;134,389
20080827;135,097
20080828;136,97
20080829;134,554
20080901;134,413
20080902;128,945
20080903;127,684
20080904;127,354
20080905;125,279
20080908;122,675
20080909;121,909
20080910;118,255
20080911;116,795
20080912;115,137
20080915;115,206
20080916;109,248
20080917;103,428
20080918;109,943
20080919;110,349
20080922;115,473
20080923;122,927
20080924;119,496
20080925;118,765
20080926;121,258
20080929;120,029
20080930;108,946
20081001;113,804
20081002;110,511
20081003;104,982
20081006;104,622
20081007;97,006
20081008;98,142
20081009;97,794
20081010;95,824
20081013;85,889
20081014;89,796
20081015;86,399
20081016;82,1
20081017;76,739
20081020;78,73
20081021;81,478
20081022;78,865
20081023;72,983
20081024;74,567
20081027;70,189
20081028;69,465
20081029;68,198
20081030;74,058
20081031;72,067
20081103;73,888
20081104;68,413
20081105;75,155
20081106;69,986
20081107;64,963
20081110;64,873
20081111;66,83
20081112;63,018
20081113;59,493
20081114;61,37
20081117;59,187
20081118;57,081
20081119;56,569
20081120;56,438
20081121;52,466
20081124;53,677
20081125;58,849
20081126;54,943
20081127;58,838
20081128;57,976
20081201;58,369
20081202;52,346
20081203;49,585
20081204;49,585
20081205;46,137
20081208;43,365
20081209;47,381
20081210;45,318
20081211;46,337
20081212;51,481
20081215;50,493
20081216;48,497
20081217;47,993
20081218;46,841
20081219;44,608
20081222;45,267
20081223;42,643
20081224;41,522
20081229;39,475
20081230;41,717
20081231;41,306
20090102;46,902
20090105;48,26
20090106;51,048
20090107;51,985
20090108;47,18
20090109;45,956
20090112;45,699
20090113;44,145
20090114;46,121
20090115;46,296
20090116;46,354
20090119;45,275
20090120;43,262
20090121;42,407
20090122;43,768
20090123;44,128
20090126;47,025
20090127;45,654
20090128;42,514
20090129;43,651
20090130;44,137
20090202;44,604
20090203;42,601
20090204;42,854
20090205;42,922
20090206;45,168
20090209;44,925
20090210;44,74
20090211;43,369
20090212;42,868
20090213;43,54
20090216;42,386
20090217;40,938
20090218;38,81
20090219;37,41
20090220;39,718
20090223;39,624
20090224;38,772
20090225;40,201
20090226;41,894
20090227;43,994
20090302;43,842
20090303;39,926
20090304;41,336
20090305;43,625
20090306;41,279
20090309;42,423
20090310;41,742
20090311;41,582
20090312;39,16
20090313;42,519
20090316;42,225
20090317;42,759
20090318;44,397
20090319;43,863
20090320;46,633
20090323;47,139
20090324;49,21
20090325;49,238
20090326;47,627
20090327;49,201
20090330;47,839
20090331;44,167
20090401;45,308
20090402;44,581
20090403;48,547
20090406;49,21
20090407;48,078
20090408;47,139
20090409;47,48
20090414;47,986
20090415;47,82
20090416;47,378
20090417;47,938
20090420;48,2
20090421;45,047
20090422;45,011
20090423;45,002
20090424;45,273
20090427;46,682
20090428;45,462
20090429;45,164
20090430;45,878
20090501;45,896
20090504;47,748
20090505;49,311
20090506;48,895
20090507;50,73
20090508;51,019
20090511;52,527
20090512;51,931
20090513;52,347
20090514;51,785
20090515;52,204
20090518;49,879
20090519;52,097
20090520;52,498
20090521;53,986
20090522;53,398
20090525;54,155
20090526;53,648
20090527;54,565
20090528;55,688
20090529;57,372
20090601;58,379
20090602;60,562
20090603;60,74
20090604;58,7
20090605;61,221
20090608;60,891
20090609;60,482
20090610;62,032
20090611;63,047
20090612;64,017
20090615;63,356
20090616;61,979
20090617;61,979
20090618;62,517
20090619;62,703
20090622;61,053
20090623;59,102
20090624;60,708
20090625;60,294
20090626;61,573
20090629;60,814
20090630;62,641
20090701;61,15
20090702;60,7
20090703;58,811
20090706;57,894
20090707;56,517
20090708;55,793
20090709;53,323
20090710;53,914
20090713;53,402
20090714;53,552
20090715;53,702
20090716;56,059
20090717;56,262
20090720;57,7
20090721;58,636
20090722;59,015
20090723;59,315
20090724;61,116
20090727;62,06
20090728;62,492
20090729;61,672
20090730;58,715
20090731;61,874
20090803;63,278
20090804;64,91
20090805;65,555
20090806;66,64
20090807;66,04
20090810;64,946
20090811;64,866
20090812;63,948
20090813;64,343
20090814;64,807
20090817;62,616
20090818;61,827
20090819;63,431
20090820;65,377
20090821;64,273
20090824;65,027
20090825;65,088
20090826;62,949
20090827;62,8
20090828;63,554
20090831;63,799
20090901;61,047
20090902;59,364
20090903;59,303
20090904;58,83
20090907;58,567
20090908;58,313
20090909;60,846
20090910;61,227
20090911;61,279
20090914;59,415
20090915;59,302
20090916;60,594
20090917;62,164
20090918;62,06
20090921;61,86
20090922;59,579
20090923;61,175
20090924;58,972
20090925;56,223
20090928;56,474
20090929;56,847
20090930;56,804
20091001;59,909
20091002;60,013
20091005;59,042
20091006;59,016
20091007;59,467
20091008;58,287
20091009;60,516
20091012;60,716
20091013;61,895
20091014;62,797
20091015;63,554
20091016;65,585
20091019;66,239
20091020;66,91
20091021;66,454
20091022;68,562
20091023;68,407
20091026;67,899
20091027;66,471
20091028;67,039
20091029;65,266
20091030;67,142
20091102;64,699
20091103;65,86
20091104;67,202
20091105;67,873
20091106;67,099
20091109;65,275
20091110;66,91
20091111;66,677
20091112;67,035
20091113;65,391
20091116;64,999
20091117;67,086
20091118;67,265
20091119;67,691
20091120;66,132
20091123;65,758
20091124;65,979
20091125;65,127
20091126;66,814
20091127;65,579
20091130;65,74
20091201;66,839
20091202;67,589
20091203;66,337
20091204;66,746
20091207;66,03
20091208;65,102
20091209;64,045
20091210;61,66
20091211;61,209
20091214;61,226
20091215;61,235
20091216;61,371
20091217;62,567
20091218;61,792
20091221;62,112
20091222;61,472
20091223;61,868
20091224;63,544
20091229;65,119
20091230;65,388
20091231;65,717
20100104;65,632
20100105;67,477
20100106;67,873
20100107;68,967
20100108;68,647
20100111;68,53
20100112;68,193
20100113;66,786
20100114;65,941
20100115;65,732
20100118;64,511
20100119;64,502
20100120;64,946
20100121;63,85
20100122;62,394
20100125;60,93
20100126;61,649
20100127;61,315
20100128;60,436
20100129;60,344
20100201;59,784
20100202;61,164
20100203;63,632
20100204;63,515
20100205;60,344
20100208;58,219
20100209;58,654
20100210;60,344
20100211;60,718
20100212;61,548
20100215;60,535
20100216;60,211
20100217;62,844
20100218;63,334
20100219;64,588
20100222;64,928
20100223;65,277
20100224;64,147
20100225;64,845
20100226;63,35
20100301;64,43
20100302;63,849
20100303;64,92
20100304;65,808
20100305;65,219
20100308;66,34
20100309;66,821
20100310;66,356
20100311;66,895
20100312;66,878
20100315;66,207
20100316;65,106
20100317;66,679
20100318;67,863
20100319;67,466
20100322;66,141
20100323;66,688
20100324;66,82
20100325;65,926
20100326;65,917
20100329;65,653
20100330;67,209
20100331;67,3
20100401;68,476
20100406;71,109
20100407;71,333
20100408;70,869
20100409;70,223
20100412;70,24
20100413;70,19
20100414;70,149
20100415;71,189
20100416;71,754
20100419;70,444
20100420;69,002
20100421;69,469
20100422;70,206
20100423;70,181
20100426;71,476
20100427;71,132
20100428;70,271
20100429;70,583
20100430;71,189
20100503;71,631
20100504;72,86
20100505;70,181
20100506;67,675
20100507;65,397
20100510;64,119
20100511;65,635
20100512;65,938
20100513;66,544
20100514;65,76
20100517;62,934
20100518;60,648
20100519;60,107
20100520;59,51
20100521;58,016
20100524;57,886
20100525;57,475
20100526;56,166
20100527;57,935
20100528;60,293
20100531;59,776
20100601;60,285
20100602;58,718
20100603;59,558
20100604;60,899
20100607;58,218
20100608;58,242
20100609;58,387
20100610;59,947
20100611;60,835
20100614;60,099
20100615;60,515
20100616;61,666
20100617;62,498
20100618;62,93
20100621;62,562
20100622;63,042
20100623;62,418
20100624;61,003
20100625;61,163
20100628;62,482
20100629;62,058
20100630;60,339
20100701;59,995
20100702;57,859
20100705;57,307
20100706;57,163
20100707;57,147
20100708;58,795
20100709;59,755
20100712;60,323
20100713;59,483
20100714;61,306
20100715;61,251
20100716;60,795
20100719;60,22
20100720;60,42
20100721;60,899
20100722;60,22
20100723;62,177
20100726;61,882
20100727;61,922
20100728;60,827
20100729;60,771
20100730;61,994
20100802;62,465
20100803;64,574
20100804;66,06
20100805;65,677
20100806;65,206
20100809;64,047
20100810;64,71
20100811;63,6
20100812;62,019
20100813;60,28
20100816;59,978
20100817;60,065
20100818;61,098
20100819;60,733
20100820;59,803
20100823;58,977
20100824;58,469
20100825;57,484
20100826;58,358
20100827;59,581
20100830;60,875
20100831;60,836
20100901;59,279
20100902;60,637
20100903;61,098
20100906;60,891
20100907;61,05
20100908;61,741
20100909;62,083
20100910;61,527
20100913;62,075
20100914;62,766
20100915;62,869
20100916;62,988
20100917;62,242
20100920;62,028
20100921;62,909
20100922;62,195
20100923;61,822
20100924;61,949
20100927;62,552
20100928;62,314
20100929;62,425
20100930;64,059
20101001;65,28
20101004;66,422
20101005;66,049
20101006;67,286
20101007;67,461
20101008;66,168
20101011;66,644
20101012;66,398
20101013;66,224
20101014;66,99
20101015;66,476
20101018;65,095
20101019;66,611
20101020;64,029
20101021;66,003
20101022;64,605
20101025;65,497
20101026;65,955
20101027;66,05
20101028;65,711
20101029;65,995
20101101;65,647
20101102;66,808
20101103;67,432
20101104;68,197
20101105;69,476
20101108;69,563
20101109;69,84
20101110;69,737
20101111;70,233
20101112;70,186
20101115;68,162
20101116;68,343
20101117;66,744
20101118;65,601
20101119;66,996
20101122;66,436
20101123;66,137
20101124;65,578
20101125;67,618
20101126;67,823
20101129;67,413
20101130;68,8
20101201;67,681
20101202;70,005
20101203;71,438
20101206;72,014
20101207;72,037
20101208;71,99
20101209;71,502
20101210;71,675
20101213;71,273
20101214;71,832
20101215;71,848
20101216;72,438
20101217;72,005
20101220;72,06
20101221;72,901
20101222;73,263
20101223;73,617
20101224;74,088
20101229;74,191
20101230;74,002
20110103;74,481
20110104;74,552
20110105;73,522
20110106;75,071
20110107;74,301
20110110;73,365
20110111;75,228
20110112;76,73
20110113;77,014
20110114;76,793
20110117;77,653
20110118;76,903
20110119;77,195
20110120;77,48
20110121;76,232
20110124;77,038
20110125;76,256
20110126;75,183
20110127;77,282
20110128;76,872
20110131;78,474
20110201;79,729
20110202;80,305
20110203;80,779
20110204;80,321
20110207;78,798
20110208;78,34
20110209;78,869
20110210;80,281
20110211;79,591
20110214;79,198
20110215;80,877
20110216;79,748
20110217;81,427
20110218;80,493
20110221;80,438
20110222;82,964
20110223;82,996
20110224;87,288
20110225;87,374
20110228;87,986
20110301;87,719
20110302;90,559
20110303;91,289
20110304;90,065
20110307;90,991
20110308;90,261
20110309;88,708
20110310;90,967
20110311;90,567
20110314;89,32
20110315;89,186
20110316;85,146
20110317;86,722
20110318;90,093
20110321;89,333
20110322;90,14
20110323;90,721
20110324;90,603
20110325;90,736
20110328;90,634
20110329;90,015
20110330;90,297
20110331;90,274
20110401;92,022
20110404;93,073
20110405;94,923
20110406;95,833
20110407;95,896
20110408;96,186
20110411;99,306
20110412;97,213
20110413;94,814
20110414;96,309
20110415;96,05
20110418;97,191
20110419;95,743
20110420;95,522
20110421;97,506
20110426;97,357
20110427;97,734
20110428;98,514
20110429;98,427
20110502;99,112
20110503;98,506
20110504;96,404
20110505;95,412
20110506;87,232
20110509;85,917
20110510;91,247
20110511;92,609
20110512;88,552
20110513;88,844
20110516;89,596
20110517;87,666
20110518;86,994
20110519;88,821
20110520;88,125
20110523;88,892
20110524;87,081
20110525;89,003
20110526;90,901
20110527;90,996
20110530;90,98
20110531;90,703
20110601;92,324
20110602;90,584
20110603;91,383
20110606;91,621
20110607;90,545
20110608;92,364
20110609;93,21
20110610;94,512
20110613;93,909
20110614;93,964
20110615;94,702
20110616;89,671
20110617;90,473
20110620;89,83
20110621;88,624
20110622;88,037
20110623;90,624
20110624;85,109
20110627;83,411
20110628;84,101
20110629;86,315
20110630;89,187
20110701;89,251
20110704;88,687
20110705;88,386
20110706;90,147
20110707;90,155
20110708;94,099
20110711;93,893
20110712;93,028
20110713;93,432
20110714;94,16
20110715;92,889
20110718;93,688
20110719;92,721
20110720;93,528
20110721;94,399
20110722;93,888
20110725;94,815
20110726;94,231
20110727;94,503
20110728;93,824
20110729;93,768
20110801;93,273
20110802;93,329
20110803;93,049
20110804;90,468
20110805;85,69
20110808;87,384
20110809;82,886
20110810;81,951
20110811;85,229
20110812;86,188
20110815;86,14
20110816;87,803
20110817;87,235
20110818;88,41
20110819;85,524
20110822;86,827
20110823;86,619
20110824;87,379
20110825;88,05
20110826;88,426
20110829;89,018
20110830;89,433
20110831;91,144
20110901;91,807
20110902;91,36
20110905;89,793
20110906;87,994
20110907;90,241
20110908;92,567
20110909;91,568
20110912;90,145
20110913;89,729
20110914;89,441
20110915;89,343
20110916;91,503
20110919;91,437
20110920;88,928
20110921;90,069
20110922;89,922
20110923;85,954
20110926;84,715
20110927;84,691
20110928;87,298
20110929;84,585
20110930;84,699
20111003;83,729
20111004;82,874
20111005;81,309
20111006;83,705
20111007;86,149
20111010;86,272
20111011;88,773
20111012;90,223
20111013;90,992
20111014;91,184
20111017;93,714
20111018;91,985
20111019;92,812
20111020;90,507
20111021;91,651
20111024;91,484
20111025;93,062
20111026;92,62
20111027;90,942
20111028;93,589
20111031;91,777
20111101;91,484
20111102;91,468
20111103;91,301
20111104;92,545
20111107;93,497
20111108;95,659
20111109;96,027
20111110;93,935
20111111;94,922
20111114;95,259
20111115;93,867
20111116;94,627
20111117;94,373
20111118;91,286
20111121;90,729
20111122;90,156
20111123;91,969
20111124;90,274
20111125;90,915
20111128;89,751
20111129;91,944
20111130;93,479
20111201;93,226
20111202;91,936
20111205;92,737
20111206;92,627
20111207;93,471
20111208;92,391
20111209;91,193
20111212;91,624
20111213;90,476
20111214;92,366
20111215;88,276
20111216;87,726
20111219;87,514
20111220;87,759
20111221;90,376
20111222;91,206
20111223;91,358
20111228;92,527
20111229;91,079
20111230;91,46
20120103;90,926
20120104;94,949
20120105;96,278
20120106;95,465
20120109;95,736
20120110;95,22
20120111;95,922
20120112;95,158
20120113;94,3
20120116;93,706
20120117;94,547
20120118;94,708
20120119;93,969
20120120;94,725
20120123;93,29
20120124;93,901
20120125;93,434
20120126;93,247
20120127;94,08
20120130;94,649
20120131;94,046
20120201;94,241
20120202;94,733
20120203;95,167
20120206;97,298
20120207;98,444
20120208;98,699
20120209;99,407
20120210;100,608
20120213;99,509
20120214;100,054
20120215;100,02
20120216;101,367
20120217;102,373
20120220;101,921
20120221;102,321
20120222;103,694
20120223;104,751
20120224;105,364
20120227;106,941
20120228;105,833
20120229;103,6
20120301;104,546
20120302;107,563
20120305;105,39
20120306;105,518
20120307;103,966
20120308;105,79
20120309;106,916
20120312;107,376
20120313;106,83
20120314;107,58
20120315;106,647
20120316;104,952
20120319;107,7
20120320;107,615
20120321;106,253
20120322;106,322
20120323;105,415
20120326;107,118
20120327;107,563
20120328;107,469
20120329;106,288
20120330;104,772
20120402;105,192
20120403;107,375
20120404;106,887
20120405;104,73
20120410;105,012
20120411;102,624
20120412;102,942
20120413;104,359
20120416;104,092
20120417;101,92
20120418;102,005
20120419;101,31
20120420;101,336
20120423;101,988
20120424;101,945
20120425;101,473
20120426;102,297
20120427;102,984
20120430;102,907
20120501;102,598
20120502;102,761
20120503;101,507
20120504;99,687
20120507;97,196
20120508;97,179
20120509;96,81
20120510;97,213
20120511;96,81
20120514;96,406
20120515;95,814
20120516;96,389
20120517;94,919
20120518;92,964
20120521;92,661
20120522;94,106
20120523;93,76
20120524;91,295
20120525;92,151
20120528;92,393
20120529;92,636
20120530;92,264
20120531;89,487
20120601;88,104
20120604;85,129
20120605;85,492
20120606;85,483
20120607;87,04
20120608;86,426
20120611;86,028
20120612;84,757
20120613;84,013
20120614;83,796
20120615;84,186
20120618;84,567
20120619;83,216
20120620;82,965
20120621;80,305
20120622;77,307
20120625;78,823
20120626;78,849
20120627;80,591
20120628;81,007
20120629;79,152
20120702;84,732
20120703;84,333
20120704;87,227
20120705;86,439
20120706;87,244
20120709;85,07
20120710;86,915
20120711;84,879
20120712;86,723
20120713;87,237
20120716;88,228
20120717;89,925
20120718;90,473
20120719;91,482
20120720;93,779
20120723;92,935
20120724;89,829
20120725;89,968
20120726;90,803
20120727;91,569
20120730;92,622
20120731;92,387
20120801;91,273
20120802;92,178
20120803;92,126
20120806;94,77
20120807;95,301
20120808;97,432
20120809;97,554
20120810;98,494
20120813;98,259
20120814;98,824
20120815;99,198
20120816;101,109
20120817;101,958
20120820;100,578
20120821;100,569
20120822;101,401
20120823;101,64
20120824;101,728
20120827;100,472
20120828;99,296
20120829;99,579
20120830;99,543
20120831;99,641
20120903;101,339
20120904;102,409
20120905;100,994
20120906;100,03
20120907;100,384
20120910;101,056
20120911;101,551
20120912;102,073
20120913;102,571
20120914;103,06
20120917;103,754
20120918;101,201
20120919;99,636
20120920;96,221
20120921;97,857
20120924;99,094
20120925;97,662
20120926;98,231
20120927;97,866
20120928;99,618
20121001;99,956
20121002;99,778
20121003;99,227
20121004;96,203
20121005;100,125
20121008;99,627
20121009;99,449
20121010;101,833
20121011;101,626
20121012;102,973
20121015;102,012
20121016;102,722
20121017;102,363
20121018;101,662
20121019;100,944
20121022;98,897
20121023;98,268
20121024;97,2
20121025;96,84
20121026;97,415
20121029;98,367
20121030;98,268
20121031;97,945
20121101;97,604
20121102;97,128
20121105;94,892
20121106;96,733
20121107;99,732
20121108;95,916
20121109;96,302
20121112;98,232
20121113;97,936
20121114;97,209
20121115;98,241
20121116;97,815
20121119;98,667
20121120;101,157
20121121;99,464
20121122;100,396
20121123;100,116
20121126;100,867
20121127;100,451
20121128;99,5
20121129;99,174
20121130;100,306
20121203;100,731
20121204;100,451
20121205;99,473
20121206;98,54
20121207;96,928
20121210;96,919
20121211;97,2
20121212;97,815
20121213;99,035
20121214;97,604
20121217;99,181
20121218;98,686
20121219;99,787
20121220;101,18
20121221;101,033
20121224;99,906
20121227;101,831
20121228;101,583
20121231;101,418
20130102;101,868
20130103;103,115
20130104;102,812
20130107;102,051
20130108;102,134
20130109;102,629
20130110;102,464
20130111;102,583
20130114;101,437
20130115;102,574
20130116;101,125
20130117;101,171
20130118;102,481
20130121;103,21
20130122;103,044
20130123;103,699
20130124;104,049
20130125;104,492
20130128;104,492
20130129;104,676
20130130;105,488
20130131;105,986
20130201;106,586
20130204;107,702
20130205;106,632
20130206;107,481
20130207;107,674
20130208;108,145
20130211;109,676
20130212;108,966
20130213;109,455
20130214;109,575
20130215;109,687
20130218;109,371
20130219;109,111
20130220;109,241
20130221;107,456
20130222;105,532
20130225;106,062
20130226;106,378
20130227;104,77
20130228;103,989
20130301;103,533
20130304;102,622
20130305;102,334
20130306;103,747
20130307;103,236
20130308;103,319
20130311;103,041
20130312;102,455
20130313;101,925
20130314;101,001
20130315;101,673
20130318;102,476
20130319;102,186
20130320;100,264
20130321;101,449
20130322;100,283
20130325;100,46
20130326;100,936
20130327;102,046
20130328;102,354
20130402;103,651
20130403;103,288
20130404;99,947
20130405;99,228
20130408;97,157
20130409;97,661
20130410;99,126
20130411;98,78
20130412;97,473
20130415;96,222
20130416;93,971
20130417;93,299
20130418;91,226
20130419;92,57
20130422;93,056
20130423;93,747
20130424;93,672
20130425;94,998
20130426;96,567
20130429;96,334
20130430;96,941
20130501;95,596
20130502;93,336
20130503;96,044
20130506;97,295
20130507;98,481
20130508;97,492
20130509;97,436
20130510;97,557
20130513;97,034
20130514;96,016
20130515;95,811
20130516;96,736
20130517;96,998
20130520;97,802
20130521;97,951
20130522;97,119
20130523;95,895
20130524;95,745
20130527;95,932
20130528;95,914
20130529;97,418
20130530;95,736
20130531;95,512
20130603;93,829
20130604;95,39
20130605;96,493
20130606;96,306
20130607;96,839
20130610;97,727
20130611;97,157
20130612;96,231
20130613;96,783
20130614;98,082
20130617;98,998
20130618;98,568
20130619;99,082
20130620;99,175
20130621;95,465
20130624;94,306
20130625;94,54
20130626;94,633
20130627;95,007
20130628;96,091
20130701;95,474
20130702;96,259
20130703;97,194
20130704;98,839
20130705;98,633
20130708;100,67
20130709;100,399
20130710;100,755
20130711;101,319
20130712;100,726
20130715;101,564
20130716;101,705
20130717;101,761
20130718;102,204
20130719;102,288
20130722;101,696
20130723;101,771
20130724;102,025
20130725;100,867
20130726;101,3
20130729;100,849
20130730;101,112
20130731;100,604
20130801;101,347
20130802;103,079
20130805;102,524
20130806;102,288
20130807;101,799
20130808;101,103
20130809;100,388
20130812;101,837
20130813;102,542
20130814;103,342
20130815;103,666
20130816;104,409
20130819;105,171
20130820;104,695
20130821;104,933
20130822;104,609
20130823;104,695
20130826;105,781
20130827;105,486
20130828;108,944
20130829;111,087
20130830;109,706
20130902;108,61
20130903;108,915
20130904;110,201
20130905;109,468
20130906;109,801
20130909;110,621
20130910;108,334
20130911;105,981
20130912;106,145
20130913;107,436
20130916;107,599
20130917;106,029
20130918;104,218
20130919;106,54
20130920;104,767
20130923;105,211
20130924;104,189
20130925;104,652
20130926;104,344
20130927;105,201
20130930;104,642
20131001;104,392
20131002;103,978
20131003;105,182
20131004;104,999
20131007;105,442
20131008;105,654
20131009;106,116
20131010;105,056
20131011;107,696
20131014;107,195
20131015;106,964
20131016;105,923
20131017;107,056
20131018;105,623
20131021;106,427
20131022;106,136
20131023;106,456
20131024;104,355
20131025;103,571
20131028;103,513
20131029;106,107
20131030;105,526
20131031;106,349
20131101;105,362
20131104;102,526
20131105;102,835
20131106;101,964
20131107;101,877
20131108;100,154
20131111;101,761
20131112;103
20131113;102,429
20131114;103,739
20131115;105,088
20131118;105,301
20131119;105,272
20131120;103,768
20131121;104,874
20131122;106,835
20131125;107,776
20131126;107,728
20131127;107,611
20131128;108,029
20131129;107,592
20131202;106,456
20131203;108,164
20131204;109,3
20131205;108,582
20131206;107,708
20131209;108,32
20131210;106,165
20131211;106,156
20131212;106,525
20131213;105,426
20131216;105,368
20131217;106,428
20131218;105,484
20131219;106,642
20131220;107,284
20131223;108,724
20131224;108,519
20131227;108,928
20131230;109,122
20131231;108,179
20140102;107,78
20140103;106,89
20140106;106,73
20140107;107,35
20140108;107,15
20140109;106,39
20140110;107,25
20140113;106,75
20140114;106,39
20140115;106,27
20140116;105,75
20140117;106,48
20140120;106,35
20140121;106,73
20140122;108,27
20140123;107,58
20140124;107,88
20140127;106,69
20140128;107,41
20140129;107,85
20140130;107,95
20140131;106,4
20140203;106,04
20140204;105,78
20140205;106,25
20140206;107,19
20140207;109,57
20140210;108,63
20140211;108,68
20140212;108,35
20140213;108,52
20140214;109,08
20140217;109,18
20140218;110,46
20140219;110,47
20140220;110,3
20140221;109,85
20140224;110,64
20140225;109,51
20140226;109,52
20140227;108,96
20140228;109,07
20140303;111,2
20140304;109,3
20140305;107,76
20140306;108,1
20140307;109
20140310;108,08
20140311;108,55
20140312;107,35
20140313;106,92
20140314;108,21
20140317;106,24
20140318;106,79
20140319;105,85
20140320;106,45
20140321;106,92
20140324;106,81
20140325;106,99
20140326;107,03
20140327;107,83
20140328;108,07
20140331;107,76
20140401;105,62
20140402;104,79
20140403;106,15
20140404;106,72
20140407;105,82
20140408;107,67
20140409;107,95
20140410;107,52
20140411;107,4
20140414;109,07
20140415;109,36
20140416;109,6
20140417;109,53
20140422;109,27
20140423;109,11
20140424;110,33
20140425;109,58
20140428;108,12
20140429;108,98
20140430;108,07
20140501;107,76
20140502;108,59
20140505;107,72
20140506;106,49
20140507;107,61
20140508;107,49
20140509;107,28
20140512;107,79
20140513;108,54
20140514;109,31
20140515;109,09
20140516;109,75
20140519;109,37
20140520;109,69
20140521;110,55
20140522;110,36
20140523;110,54
20140526;110,32
20140527;110,02
20140528;109,81
20140529;109,97
20140530;109,41
20140602;108,83
20140603;108,82
20140604;108,4
20140605;108,79
20140606;108,61
20140609;109,99
20140610;108,86
20140611;109,37
20140612;112,42
20140613;112,46
20140616;112,94
20140617;113,45
20140618;114,26
20140619;115,06
20140620;114,81
20140623;114,12
20140624;114,46
20140625;114
20140626;113,21
20140627;113,3
20140630;112,36
20140701;112,29
20140702;111,24
20140703;111
20140704;110,64
20140707;110,24
20140708;109,06
20140709;108,47
20140710;109,01
20140711;107,26
20140714;107,71
20140715;106,88
20140716;107,17
20140717;107,89
20140718;107,24
20140721;107,68
20140722;107,33
20140723;108,03
20140724;107,07
20140725;108,39
20140728;107,57
20140729;107,72
20140730;106,51
20140731;106,02
20140801;104,84
20140804;105,41
20140805;105,25
20140806;105,27
20140807;106,08
20140808;105,62
20140811;105,39
20140812;103,89
20140813;105,06
20140814;102,07
20140815;103,53
20140818;101,6
20140819;101,56
20140820;102,28
20140821;102,63
20140822;102,29
20140825;102,65
20140826;102,5
20140827;102,72
20140828;102,46
20140829;103,19
20140901;102,79
20140902;100,96
20140903;103,34
20140904;102,3
20140905;101,4
20140908;100,86
20140909;99,93
20140910;98,78
20140911;98,86
20140912;97,96
20140915;97,88
20140916;99,05
20140917;98,97
20140918;97,7
20140919;98,39
20140922;96,97
20140923;96,85
20140924;96,95
20140925;97
20140926;97
20140929;97,2
20140930;94,67
20141001;94,16
20141002;93,42
20141003;92,31
20141006;92,79
20141007;92,57
20141008;91,79
20141009;90,37
20141010;90,58
20141013;89,41
20141014;85,41
20141015;84,12
20141016;85,82
20141017;86,16
20141020;85,4
20141021;86,22
20141022;84,71
20141023;86,83
20141024;86,13
20141027;85,83
20141028;86,03
20141029;87,12
20141030;86,24
20141031;85,86
20141103;84,78
20141104;83,38
20141105;83,52
20141106;83,46
20141107;83,97
20141110;82,95
20141111;82,39
20141112;81,12
20141113;77,49
20141114;79,41
20141117;79,31
20141118;78,47
20141119;78,1
20141120;79,33
20141121;80,36
20141124;79,68
20141125;78,33
20141126;77,75
20141127;72,58
20141128;70,15
20141201;72,54
20141202;70,54
20141203;69,92
20141204;69,64
20141205;69,07
20141208;66,19
20141209;67,22
20141210;64,56
20141211;63,99
20141212;62,15
20141215;61,21
20141216;60,01
20141217;61,18
20141218;59,27
20141219;61,38
20141222;60,11
20141223;61,69
20141224;60,24
20141229;57,88
20141230;57,9
20141231;57,33
20150102;56,42
20150105;53,11
20150106;51,1
20150107;52,17
20150108;52,03
20150109;51,3
20150112;48,7
20150113;47,82
20150114;49,86
20150115;48,27
20150116;50,17
20150119;48,84
20150120;47,99
20150121;49,03
20150122;48,52
20150123;48,79
20150126;48,16
20150127;49,6
20150128;48,47
20150129;49,13
20150130;52,99
20150202;54,75
20150203;57,91
20150204;54,16
20150205;56,57
20150206;57,8
20150209;58,34
20150210;56,43
20150211;55,92
20150212;59,28
20150213;61,52
20150216;61,4
20150217;62,53
20150218;60,53
20150219;60,21
20150220;60,22
20150223;58,9
20150224;58,66
20150225;61,63
20150226;60,05
20150227;62,58
20150302;59,54
20150303;61,02
20150304;60,55
20150305;60,48
20150306;59,73
20150309;58,53
20150310;56,39
20150311;57,88
20150312;57,28
20150313;55,01
20150316;53,94
20150317;53,51
20150318;55,91
20150319;54,43
20150320;55,32
20150323;55,92
20150324;55,11
20150325;56,48
20150326;59,19
20150327;56,41
20150330;56,29
20150331;55,11
20150401;57,1
20150402;54,95
20150407;59,1
20150408;55,55
20150409;57,69
20150410;58,95
20150413;59,04
20150414;59,81
20150415;63,32
20150416;63,98
20150417;63,45
20150420;63,45
20150421;62,08
20150422;62,73
20150423;64,85
20150424;65,28
20150427;64,83
20150428;64,64
20150429;65,84
20150430;66,78
20150501;66,46
20150504;66,45
20150505;67,52
20150506;67,77
20150507;65,54
20150508;65,39
20150511;64,91
20150512;66,86
20150513;67,27
20150514;66,7
20150515;66,81
20150518;66,27
20150519;64,02
20150520;65,03
20150521;66,54
20150522;65,37
20150525;65,52
20150526;63,72
20150527;62,06
20150528;62,58
20150529;65,56
20150601;64,88
20150602;65,49
20150603;63,8
20150604;62,03
20150605;63,31
20150608;62,69
20150609;64,88
20150610;66,37
20150611;65,79
20150612;64,64
20150615;63,95
20150616;63,7
20150617;63,87
20150618;64,26
20150619;63,02
20150622;63,34
20150623;64,45
20150624;63,49
20150625;63,2
20150626;63,26
20150629;62,01
20150630;63,59
20150701;62,01
20150702;62,07
20150703;60,32
20150706;56,54
20150707;56,85
20150708;57,05
20150709;58,61
20150710;58,73
20150713;57,85
20150714;58,51
20150715;57,12
20150716;56,92
20150717;57,1
20150720;56,65
20150721;57,04
20150722;56,13
20150723;55,27
20150724;54,62
20150727;53,47
20150728;53,3
20150729;53,38
20150730;53,31
20150731;52,21
20150803;49,52
20150804;49,99
20150805;49,59
20150806;49,52
20150807;48,61
20150810;50,41
20150811;49,18
20150812;50,18
20150813;49,63
20150814;49,19
20150817;48,74
20150818;48,81
20150819;47,16
20150820;46,62
20150821;45,46
20150824;42,69
20150825;43,21
20150826;43,14
20150827;47,56
20150828;50,05
20150831;54,15
20150901;49,56
20150902;50,5
20150903;50,68
20150904;49,61
20150907;47,63
20150908;49,52
20150909;48,52
20150910;49,85
20150911;49,04
20150914;47,35
20150915;47,75
20150916;49,75
20150917;49,08
20150918;47,47
20150921;48,92
20150922;49,08
20150923;47,75
20150924;48,17
20150925;48,6
20150928;47,34
20150929;48,23
20150930;48,37
20151001;47,69
20151002;48,13
20151005;49,25
20151006;51,92
20151007;51,77
20151008;53,38
20151009;52,91
20151012;50,25
20151013;49,69
20151014;49,69
20151015;49,73
20151016;50,46
20151019;48,61
20151020;48,71
20151021;47,85
20151022;48,08
20151023;47,99
20151026;47,54
20151027;46,81
20151028;49,05
20151029;48,8
20151030;49,56
20151102;48,79
20151103;50,54
20151104;48,58
20151105;47,98
20151106;47,42
20151109;47,19
20151110;47,44
20151112;45,19
20151113;44,47
20151116;44,56
20151117;43,57
20151118;44,14
20151119;44,18
20151120;44,66
20151123;44,83
20151124;46,12
20151125;46,17
20151126;45,46
20151127;44,86
20151130;44,61
20151201;44,44
20151202;42,49
20151203;43,84
20151204;43
20151207;40,73
20151208;40,26
20151209;40,34
20151210;40,13
20151211;38,32
20151214;38,16
20151215;38,73
20151216;37,39
20151217;37,06
20151218;36,88
20151221;36,35
20151222;36,11
20151223;37,36
20151228;36,62
20151229;37,79
20151230;36,46
20160104;37,22
20160105;36,42
20160106;34,63
20160107;34,09
20160108;33,93
20160111;31,88
20160112;30,95
20160113;30,28
20160114;30,88
20160115;28,94
20160118;28,55
20160119;28,76
20160120;27,88
20160121;29,25
20160122;32,18
20160125;30,5
20160126;31,8
20160127;33,93
20160128;34,8
20160129;35,99
20160201;34,24
20160202;32,72
20160203;35,04
20160204;34,46
20160205;34,06
20160208;32,88
20160209;30,32
20160210;30,84
20160211;30,06
20160212;33,36
20160215;33,39
20160216;32,18
20160217;34,5
20160218;34,28
20160219;33,01
20160222;34,69
20160223;33,27
20160224;35,07
20160225;35,7
20160226;35,44
20160229;36,57
20160301;36,81
20160302;36,93
20160303;37,07
20160304;38,72
20160307;40,84
20160308;39,65
20160309;41,07
20160310;40,05
20160311;40,39
20160314;39,53
20160315;38,74
20160316;40,33
20160317;41,54
20160318;41,2
20160321;41,54
20160322;41,79
20160323;40,47
20160324;41,03
20160329;39,85
20160330;40,05
20160331;40,33
20160401;38,67
20160404;37,69
20160405;37,87
20160406;39,84
20160407;39,43
20160408;41,94
20160411;42,83
20160412;44,69
20160413;44,21
20160414;43,8
20160415;43,06
20160418;42,77
20160419;43,85
20160420;45,63
20160421;44,39
20160422;45,07
20160425;44,32
20160426;45,58
20160427;46,93
20160428;47,77
20160429;47,37
20160502;45,83
20160503;44,97
20160504;44,62
20160505;45,01
20160506;45,37
20160509;43,63
20160510;45,52
20160511;47,6
20160512;48,08
20160513;47,83
20160516;48,97
20160517;49,28
20160518;48,93
20160519;48,81
20160520;48,72
20160523;48,35
20160524;48,61
20160525;50,23
20160526;50,17
20160527;49,95
20160530;50,36
20160531;49,89
20160601;49,72
20160602;50,04
20160603;49,64
20160606;50,55
20160607;51,44
20160608;52,51
20160609;51,95
20160610;50,54
20160613;50,35
20160614;49,83
20160615;48,97
20160616;47,19
20160617;49,17
20160620;50,65
20160621;50,62
20160622;49,88
20160623;50,91
20160624;48,41
20160627;47,16
20160628;48,58
20160629;51,32
20160630;49,71
20160701;50,35
20160704;50,1
20160705;47,96
20160706;48,8
20160707;46,4
20160708;46,76
20160711;46,25
20160712;48,47
20160713;46,26
20160714;47,37
20160715;47,61
20160718;46,96
20160719;46,66
20160720;47,17
20160721;46,2
20160722;45,69
20160725;44,72
20160726;44,87
20160727;43,91
20160728;43,23
20160729;43,53
20160801;42,14
20160802;41,8
20160803;43,1
20160804;44,29
20160805;44,27
20160808;45,39
20160809;44,98
20160810;44,05
20160811;46,04
20160812;46,97
20160815;48,35
20160816;49,23
20160817;49,85
20160818;50,89
20160819;50,88
20160822;49,16
20160823;49,96
20160824;49,05
20160825;49,67
20160826;49,92
20160829;49,26
20160830;48,37
20160831;46,89
20160901;45,45
20160902;46,83
20160905;47,63
20160906;47,26
20160907;47,98
20160908;49,99
20160909;48,01
20160912;48,32
20160913;47,1
20160914;45,85
20160915;46,59
20160916;45,77
20160919;45,95
20160920;45,88
20160921;46,83
20160922;47,65
20160923;45,89
20160926;47,35
20160927;45,97
20160928;48,69
20160929;49,81
20160930;50,19
20161003;50,89
20161004;50,87
20161005;51,86
20161006;52,51
20161007;51,93
20161010;53,14
20161011;52,41
20161012;51,81
20161013;52,03
20161014;51,95
20161017;51,52
20161018;51,68
20161019;52,67
20161020;51,38
20161021;51,78
20161024;51,46
20161025;50,79
20161026;51,04
20161027;51,6
20161028;50,68
20161031;48,61
20161101;48,14
20161102;46,86
20161103;46,35
20161104;45,58
20161107;46,15
20161108;46,04
20161109;46,36
20161110;45,84
20161111;44,75
20161114;44,43
20161115;46,95
20161116;46,63
20161117;46,49
20161118;46,86
20161121;48,9
20161122;49,12
20161123;48,95
20161124;49
20161125;47,24
20161128;48,24
20161129;46,38
20161130;51,84
20161201;53,94
20161202;54,46
20161205;54,94
20161206;53,93
20161207;53
20161208;53,89
20161209;54,33
20161212;55,69
20161213;55,72
20161214;53,9
20161215;54,02
20161216;55,21
20161219;54,92
20161220;55,35
20161221;54,46
20161222;55,79
20161223;55,9
20161227;56,83
20161228;56,96
20161229;56,85
20161230;56,82
20170103;55,47
20170104;56,46
20170105;56,89
20170106;57,1
20170109;54,94
20170110;53,64
20170111;55,1
20170112;56,01
20170113;55,45
20170116;55,86
20170117;55,47
20170118;53,92
20170119;54,16
20170120;55,49
20170123;55,23
20170124;55,44
20170125;55,42
20170126;56,49
20170127;55,7
20170130;55,32
20170131;55,58
20170201;56,8
20170202;56,56
20170203;56,81
20170206;55,72
20170207;55,05
20170208;55,12
20170209;55,63
20170210;56,7
20170213;55,59
20170214;55,97
20170215;55,75
20170216;55,65
20170217;55,81
20170220;56,18
20170221;56,66
20170222;56,04
20170223;56,82
20170224;56,31
20170227;56,42
20170228;56,51
20170301;56,36
20170302;55,08
20170303;55,9
20170306;56,01
20170307;55,92
20170308;53,11
20170309;52,19
20170310;51,37
20170313;51,35
20170314;50,92
20170315;51,81
20170316;51,74
20170317;51,76
20170320;51,62
20170321;50,96
20170322;50,64
20170323;50,56
20170324;50,8
20170327;50,75
20170328;51,33
20170329;52,54
20170330;53,13
20170331;53,53
20170403;53,12
20170404;54,17
20170405;54,36
20170406;54,89
20170407;55,24
20170410;55,98
20170411;56,23
20170412;55,86
20170413;55,89
20170418;54,89
20170419;52,93
20170420;52,99
20170421;51,96
20170424;51,6
20170425;52,1
20170426;52,41
20170427;51,82
20170428;52,05
20170502;50,46
20170503;50,79
20170504;48,38
20170505;49,1
20170508;49,34
20170509;48,73
20170510;50,22
20170511;50,77
20170512;50,84
20170515;51,82
20170516;51,65
20170517;52,21
20170518;52,51
20170519;53,61
20170522;53,87
20170523;54,15
20170524;53,96
20170525;51,46
20170526;52,15
20170529;52,29
20170530;51,84
20170531;50,76
20170601;50,63
20170602;49,95
20170605;49,47
20170606;50,12
20170607;48,06
20170608;47,86
20170609;48,15
20170612;48,29
20170613;48,72
20170614;47
20170615;46,92
20170616;47,37
20170619;46,91
20170620;46,02
20170621;44,82
20170622;45,22
20170623;45,54
20170626;45,83
20170627;46,65
20170628;47,54
20170629;47,63
20170630;48,77
20170703;49,68
20170704;49,61
20170705;47,79
20170706;48,11
20170707;46,71
20170710;46,88
20170711;47,52
20170712;47,74
20170713;48,42
20170714;48,91
20170717;48,42
20170718;48,84
20170719;49,7
20170720;49,3
20170721;48,06
20170724;48,6
20170725;50,2
20170726;51,1
20170727;51,52
20170728;52,22
20170731;52,72
20170801;51,78
20170802;52,36
20170803;52,01
20170804;52,42
20170807;52,37
20170808;52,14
20170809;52,7
20170810;51,9
20170811;52,1
20170814;50,73
20170815;50,8
20170816;50,27
20170817;51,03
20170818;52,72
20170821;51,66
20170822;51,87
20170823;52,57
20170824;52,04
20170825;52,41
20170828;51,89
20170829;52
20170830;50,73
20170831;52,86
20170901;52,75
20170904;52,34
20170905;53,38
20170906;54,2
20170907;54,49
20170908;53,78
20170911;53,84
20170912;54,27
20170913;55,16
20170914;55,47
20170915;55,62
20170918;55,48
20170919;55,14
20170920;56,29
20170921;56,43
20170922;56,86
20170925;59,02
20170926;58,44
20170927;57,57
20170928;57,16
20170929;56,79
20171002;56,12
20171003;56
20171004;55,8
20171005;57
20171006;55,62
20171009;55,79
20171010;56,61
20171011;56,94
20171012;56,25
20171013;57,17
20171016;57,82
20171017;57,88
20171018;58,15
20171019;57,23
20171020;57,75
20171023;57,37
20171024;58,33
20171025;58,23
20171026;59,04
20171027;60,13
20171030;60,59
20171031;60,94
20171101;60,49
20171102;60,62
20171103;62,07
20171106;64,27
20171107;63,69
20171108;63,49
20171109;63,93
20171110;63,52
20171113;63,16
20171114;62,21
20171115;61,87
20171116;61,36
20171117;62,72
20171120;62,22
20171121;62,57
20171122;63,32
20171123;63,55
20171124;63,86
20171127;63,84
20171128;63,61
20171129;62,53
20171130;62,63
20171201;63,73
20171204;62,45
20171205;62,86
20171206;61,22
20171207;62,2
20171208;63,4
20171211;64,69
20171212;63,34
20171213;62,44
20171214;63,31
20171215;63,23
20171218;63,41
20171219;63,8
20171220;64,56
20171221;64,9
20171222;65,25
20171226;67,02
20171227;66,44
20171228;66,16
20171229;66,87
20180102;66,57
20180103;67,84
20180104;68,07
20180105;67,62
20180108;67,78
20180109;68,82
20180110;69,2
20180111;69,26
20180112;69,87
20180115;70,26
20180116;69,15
20180117;69,38
20180118;69,31
20180119;68,61
20180122;69,03
20180123;69,96
20180124;70,53
20180125;70,42
20180126;70,52
20180129;69,46
20180130;69,02
20180131;68,89
20180201;69,65
20180202;68,58
20180205;67,62
20180206;66,86
20180207;65,51
20180208;64,81
20180209;62,79
20180212;62,59
20180213;62,72
20180214;64,36
20180215;64,33
20180216;64,84
20180219;65,67
20180220;65,25
20180221;65,42
20180222;66,39
20180223;67,31
20180226;67,5
20180227;66,63
20180228;64,73
20180301;63,83
20180302;64,37
20180305;65,54
20180306;65,79
20180307;64,34
20180308;63,61
20180309;65,49
20180312;64,95
20180313;64,64
20180314;64,89
20180315;65,12
20180316;66,21
20180319;66,05
20180320;67,42
20180321;69,47
20180322;68,91
20180323;70,45
20180326;70,12
20180327;70,11
20180328;68,76
20180329;69,34
20180403;68,12
20180404;68,02
20180405;68,33
20180406;67,11
20180409;68,65
20180410;71,04
20180411;72,06
20180412;72,02
20180413;72,58
20180416;71,42
20180417;71,58
20180418;73,48
20180419;73,78
20180420;74,06
20180423;74,71
20180424;73,86
20180425;73,23
20180426;73,88
20180427;73,79
20180430;74,69
20180501;73,13
20180502;73,36
20180503;73,62
20180504;74,87
20180507;76,17
20180508;74,85
20180509;77,21
20180510;77,47
20180511;77,12
20180514;78,23
20180515;78,43
20180516;79,28
20180517;79,3
20180518;78,51
20180521;79,22
20180522;79,57
20180523;79,8
20180524;78,79
20180525;76,44
20180528;75,3
20180529;75,39
20180530;77,72
20180531;77,56
20180601;76,79
20180604;75,29
20180605;75,38
20180606;75,36
20180607;77,32
20180608;76,46
20180611;76,46
20180612;75,88
20180613;76,74
20180614;75,94
20180615;73,44
20180618;75,34
20180619;75,08
20180620;74,74
20180621;73,05
20180622;75,55
20180625;74,73
20180626;76,31
20180627;77,46
20180628;77,61
20180629;79,23
20180702;77,3
20180703;77,76
20180704;78,24
20180705;77,39
20180706;77,11
20180709;78,07
20180710;78,86
20180711;73,4
20180712;74,45
20180713;75,33
20180716;71,84
20180717;72,16
20180718;72,9
20180719;72,58
20180720;73,07
20180723;73,06
20180724;73,44
20180725;73,93
20180726;74,54
20180727;74,29
20180730;74,97
20180731;74,25
20180801;72,39
20180802;73,45
20180803;73,21
20180806;73,75
20180807;74,65
20180808;72,28
20180809;72,07
20180810;72,81
20180813;72,61
20180814;72,46
20180815;70,76
20180816;71,43
20180817;71,83
20180820;72,21
20180821;72,63
20180822;74,78
20180823;74,73
20180824;75,82
20180827;76,21
20180828;75,95
20180829;77,46
20180830;78,02
20180831;77,64
20180903;78,15
20180904;78,17
20180905;77,27
20180906;76,5
20180907;76,83
20180910;77,37
20180911;79,06
20180912;79,74
20180913;78,18
20180914;78,09
20180917;78,05
20180918;79,03
20180919;79,4
20180920;78,7
20180921;78,8
20180924;81,2
20180925;81,87
20180926;81,34
20180927;81,38
20180928;82,73
20181001;84,98
20181002;84,8
20181003;86,29
20181004;84,58
20181005;84,16
20181008;83,91
20181009;85
20181010;83,09
20181011;80,26
20181012;80,43
20181015;80,78
20181016;81,41
20181017;80,05
20181018;79,29
20181019;79,78
20181022;79,83
20181023;76,44
20181024;76,17
20181025;76,89
20181026;77,62
20181029;77,34
20181030;75,91
20181031;75,04
20181101;72,89
20181102;72,83
20181105;73,17
20181106;72,13
20181107;72,07
20181108;70,65
20181109;70,18
20181112;70,12
20181113;65,47
20181114;66,12
20181115;66,62
20181116;66,76
20181119;66,79
20181120;62,53
20181121;63,48
20181122;62,6
20181123;58,8
20181126;60,48
20181127;60,21
20181128;59,09
20181129;59,91
20181130;59,46
20181203;61,69
20181204;62,08
20181205;61,56
20181206;60,06
20181207;61,67
20181210;59,97
20181211;60,2
20181212;60,15
20181213;61,45
20181214;60,28
20181217;59,61
20181218;56,26
20181219;57,24
20181220;54,35
20181221;53,82
20181224;50,47
20181227;52,73
20181228;53,21
20181231;53,8
20190102;54,91
20190103;55,95
20190104;57,06
20190107;57,33
20190108;58,72
20190109;61,44
20190110;61,68
20190111;60,48
20190114;58,99
20190115;60,64
20190116;61,32
20190117;61,18
20190118;62,7
20190121;62,74
20190122;61,5
20190123;61,14
20190124;61,09
20190125;61,64
20190128;59,93
20190129;61,32
20190130;61,54
20190131;60,84
20190201;62,75
20190204;62,51
20190205;61,98
20190206;62,69
20190207;61,63
20190208;62,1
20190211;61,51
20190212;62,42
20190213;63,61
20190214;64,57
20190215;66,25
20190218;66,5
20190219;66,45
20190220;67,08
20190221;67,07
20190222;67,12
20190225;64,76
20190226;65,21
20190227;66,58
20190228;66,31
20190301;65,07
20190304;65,67
20190305;65,86
20190306;65,99
20190307;66,3
20190308;65,74
20190311;66,58
20190312;66,67
20190313;67,55
20190314;67,23
20190315;67,16
20190318;67,54
20190319;67,61
20190320;68,5
20190321;67,86
20190322;67,03
20190325;67,21
20190326;67,97
20190327;67,83
20190328;67,1
20190329;67,58
20190401;69,01
20190402;69,37
20190403;69,31
20190404;69,4
20190405;70,34
20190408;71,1
20190409;70,61
20190410;71,73
20190411;70,83
20190412;71,55
20190415;71,18
20190416;71,72
20190417;71,62
20190418;71,97
20190423;74,51
20190424;74,57
20190425;74,35
20190426;71,63
20190429;71,54
20190430;72,06
20190501;72,18
20190502;70,75
20190503;70,85
20190506;71,24
20190507;69,88
20190508;70,37
20190509;70,39
20190510;70,62
20190513;70,23
20190514;71,24
20190515;71,77
20190516;72,62
20190517;72,21
20190520;71,97
20190521;72,18
20190522;70,99
20190523;67,76
20190524;68,69
20190527;70,11
20190528;68,67
20190529;67,87
20190530;65,33
20190531;61,99
20190603;61,28
20190604;61,97
20190605;60,63
20190606;61,67
20190607;63,29
20190610;62,29
20190611;62,29
20190612;59,97
20190613;61,31
20190614;62,01
20190617;60,94
20190618;62,14
20190619;61,82
20190620;64,45
20190621;65,2
20190624;64,86
20190625;65,05
20190626;66,49
20190627;65,67
20190628;64,74
20190701;65,06
20190702;62,4
20190703;63,82
20190704;63,3
20190705;64,23
20190708;64,11
20190709;64,16
20190710;67,01
20190711;66,52
20190712;66,72
20190715;66,48
20190716;64,35
20190717;63,66
20190718;61,93
20190719;62,47
20190722;63,26
20190723;63,83
20190724;63,18
20190725;63,39
20190726;63,46
20190729;63,71
20190730;64,72
20190731;65,05
20190801;60,5
20190802;61,89
20190805;59,81
20190806;58,94
20190807;56,23
20190808;57,38
20190809;58,53
20190812;58,57
20190813;61,3
20190814;59,48
20190815;58,23
20190816;58,64
20190819;59,74
20190820;60,03
20190821;60,3
20190822;59,92
20190823;59,34
20190826;58,7
20190827;59,51
20190828;60,49
20190829;60,49
20190830;59,25
20190902;58,66
20190903;58,26
20190904;60,7
20190905;60,95
20190906;61,54
20190909;62,59
20190910;62,38
20190911;60,81
20190912;60,38
20190913;60,22
20190916;69,02
20190917;64,55
20190918;63,6
20190919;64,4
20190920;64,28
20190923;64,77
20190924;63,1
20190925;62,39
20190926;61,74
20190927;61,04
20190930;59,25
20191001;58,89
20191002;57,69
20191003;57,71
20191004;58,37
20191007;58,35
20191008;58,24
20191009;58,32
20191010;59,1
20191011;60,51
20191014;59,35
20191015;58,74
20191016;59,42
20191017;59,91
20191018;59,42
20191021;58,96
20191022;59,7
20191023;61,17
20191024;61,67
20191025;62,02
20191028;61,57
20191029;61,59
20191030;60,61
20191031;59,62
20191101;61,69
20191104;62,13
20191105;62,96
20191106;61,74
20191107;62,29
20191108;62,51
20191111;62,18
20191112;62,06
20191113;62,37
20191114;62,28
20191115;63,3
20191118;62,44
20191119;60,91
20191120;62,4
20191121;63,97
20191122;63,39
20191125;63,65
20191126;64,27
20191127;64,06
20191128;63,27
20191129;60,49
20191202;60,92
20191203;60,82
20191204;63
20191205;63,39
20191206;64,39
20191209;64,25
20191210;64,34
20191211;63,72
20191212;64,2
20191213;65,22
20191216;65,34
20191217;66,1
20191218;66,17
20191219;66,54
20191220;66,14
20191223;66,39
20191224;67,2
20191227;68,16
20191230;66,67
20200102;66,25
20200103;68,6
20200106;68,91
20200107;68,27
20200108;65,44
20200109;65,37
20200110;64,98
20200113;64,2
20200114;64,49
20200115;64
20200116;64,62
20200117;64,85
20200120;65,2
20200121;64,59
20200122;63,21
20200123;62,04
20200124;60,69
20200127;59,32
20200128;59,51
20200129;59,81
20200130;57,33
20200131;56,62
20200203;54,45
20200204;53,96
20200205;55,28
20200206;54,93
20200207;54,47
20200210;53,27
20200211;54,01
20200212;55,79
20200213;56,34
20200214;57,32
20200217;57,67
20200218;57,75
20200219;59,12
20200220;59,31
20200221;58,5
20200224;56,3
20200225;54,95
20200226;53,43
20200227;51,73
20200228;49,67
20200302;51,9
20200303;51,86
20200304;51,13
20200305;49,99
20200306;45,27
20200309;34,36
20200310;37,22
20200311;35,79
20200312;33,22
20200313;33,85
20200316;30,05
20200317;28,73
20200318;24,88
20200319;28,47
20200320;26,98
20200323;27,03
20200324;27,15
20200325;27,39
20200326;26,34
20200327;24,93
20200330;22,76
20200331;26,35
20200401;24,74
20200402;29,94
20200403;34,11
20200406;33,05
20200407;31,87
20200408;32,84
20200409;31,48
20200414;29,6
20200415;27,69
20200416;27,82
20200417;28,08
20200420;25,57
20200421;19,33
20200422;20,37
20200423;21,33
20200424;21,44
20200427;19,99
20200428;20,46
20200429;24,23
20200430;26,48
20200501;26,44
20200504;27,2
20200505;30,97
20200506;29,72
20200507;29,46
20200508;30,97
20200511;29,63
20200512;29,98
20200513;29,19
20200514;31,13
20200515;32,5
20200518;34,81
20200519;34,65
20200520;35,75
20200521;36,06
20200522;35,13
20200525;35,53
20200526;36,17
20200527;34,74
20200528;36,03
20200529;37,84
20200601;38,32
20200602;39,57
20200603;39,79
20200604;39,99
20200605;42,3
20200608;40,8
20200609;41,18
20200610;41,73
20200611;38,55
20200612;38,73
20200615;39,72
20200616;40,96
20200617;40,71
20200618;41,51
20200619;42,19
20200622;43,08
20200623;42,63
20200624;40,31
20200625;41,05
20200626;41,02
20200629;41,71
20200630;41,27
20200701;42,03
20200702;43,14
20200703;42,8
20200706;43,1
20200707;43,08
20200708;43,29
20200709;42,35
20200710;43,24
20200713;42,72
20200714;42,9
20200715;43,79
20200716;43,37
20200717;43,14
20200720;43,28
20200721;44,32
20200722;44,29
20200723;43,31
20200724;43,34
20200727;43,41
20200728;43,22
20200729;43,75
20200730;43,25
20200731;43,52
20200803;44,15
20200804;44,43
20200805;45,17
20200806;45,09
20200807;44,4