Date;Carbon F
20080103;28,749
20080104;28,761
20080107;28,896
20080108;28,945
20080109;28,603
20080110;28,224
20080111;28,224
20080114;28,59
20080115;28,297
20080116;27,784
20080117;27,149
20080118;27,21
20080121;25,452
20080122;24,804
20080123;24,462
20080124;24,133
20080125;25,696
20080128;25,22
20080129;25,281
20080130;24,523
20080131;23,327
20080201;23,473
20080204;23,437
20080205;23,009
20080206;24,389
20080207;24,963
20080208;24,902
20080211;24,621
20080212;24,389
20080213;24,34
20080214;25,305
20080215;25,488
20080218;25,562
20080219;26,429
20080220;26,258
20080221;26,502
20080222;26,233
20080225;26,368
20080226;26,074
20080227;25,965
20080228;25,842
20080229;26,026
20080303;25,5
20080304;25,244
20080305;25,94
20080306;26,074
20080307;26,111
20080310;26,453
20080311;26,697
20080312;26,807
20080313;27,54
20080314;27,125
20080317;26,172
20080318;26,453
20080319;26,331
20080320;26,832
20080325;27,528
20080326;27,491
20080327;27,186
20080328;26,575
20080331;27,198
20080401;27,503
20080402;28,603
20080403;28,664
20080404;28,468
20080407;29,091
20080408;28,712
20080409;28,932
20080410;29,848
20080411;29,775
20080414;30,532
20080415;30,703
20080416;30,288
20080417;30,154
20080418;29,934
20080421;30,813
20080422;30,947
20080423;30,532
20080424;29,934
20080425;30,215
20080428;30,08
20080429;29,543
20080430;29,164
20080502;28,774
20080505;29,922
20080506;30,911
20080507;30,569
20080508;30,422
20080509;30,74
20080512;31,009
20080513;30,581
20080514;29,873
20080515;30,141
20080516;30,398
20080519;30,911
20080520;30,972
20080521;31,424
20080522;31,827
20080523;31,888
20080526;32,218
20080527;32,169
20080528;31,986
20080529;32,474
20080530;31,876
20080602;32,169
20080603;33,134
20080604;32,486
20080605;32,291
20080606;33,634
20080609;33,573
20080610;33,219
20080611;33,366
20080612;33,17
20080613;32,975
20080616;33,134
20080617;33,268
20080618;33,585
20080619;33,756
20080620;33,476
20080623;33,915
20080624;33,927
20080625;33,695
20080626;34,05
20080627;34,611
20080630;35,136
20080701;35,82
20080702;34,184
20080703;33,524
20080704;33,756
20080707;33,598
20080708;31,497
20080709;31,778
20080710;32,584
20080711;33,524
20080714;33,292
20080715;32,144
20080716;30,569
20080717;31,46
20080718;29,922
20080721;29,909
20080722;30,129
20080723;30,215
20080724;30,703
20080725;30,459
20080728;29,812
20080729;28,859
20080730;27,723
20080731;26,942
20080801;26,111
20080804;25,904
20080805;26,465
20080806;27,186
20080807;27,87
20080808;27,613
20080811;27,662
20080812;28,468
20080813;28,908
20080814;28,615
20080815;28,322
20080818;28,81
20080819;28,981
20080820;29,824
20080821;30,19
20080822;30,019
20080825;29,763
20080826;30,19
20080827;30,703
20080828;30,74
20080829;30,764
20080901;30,483
20080902;30,19
20080903;29,86
20080904;30,105
20080905;29,799
20080908;29,543
20080909;27,919
20080910;27,809
20080911;28,175
20080912;29,189
20080915;28,126
20080916;27,98
20080917;28,395
20080918;29,042
20080919;30,141
20080922;30,349
20080923;30,605
20080924;30,105
20080925;30,129
20080926;29,86
20080929;28,322
20080930;27,296
20081001;27,882
20081002;28,261
20081003;28,175
20081006;26,966
20081007;27,174
20081008;26,636
20081009;27,479
20081010;26,917
20081013;27,894
20081014;28,444
20081015;27,87
20081016;26,758
20081017;26,478
20081020;26,624
20081021;25,952
20081022;24,304
20081023;24,658
20081024;23,375
20081027;21,824
20081028;21,531
20081029;22,533
20081030;22,13
20081031;21,91
20081103;22,289
20081104;23,131
20081105;22,643
20081106;22,227
20081107;22,826
20081110;22,606
20081111;21,91
20081112;21,922
20081113;21,922
20081114;21,287
20081117;20,799
20081118;20,212
20081119;19,944
20081120;18,222
20081121;18,356
20081124;19,37
20081125;19,247
20081126;19,089
20081127;19,919
20081128;18,954
20081201;18,967
20081202;18,759
20081203;18,588
20081204;18,099
20081205;16,756
20081208;17,62
20081209;17,386
20081210;17,55
20081211;18,25
20081212;18,18
20081215;18,611
20081216;18,588
20081217;18,611
20081218;18,355
20081219;18,366
20081222;18,751
20081223;18,448
20081224;18,378
20081229;18,448
20081230;18,693
20081231;18,553
20090102;18,145
20090105;17,946
20090106;18,308
20090107;18,028
20090108;17,223
20090109;16,849
20090112;16,266
20090113;16,079
20090114;15,496
20090115;15,461
20090116;14,702
20090119;13,571
20090120;13,431
20090121;13,419
20090122;13,652
20090123;13,617
20090126;14,131
20090127;13,897
20090128;13,699
20090129;13,862
20090130;13,827
20090202;13,174
20090203;12,38
20090204;12,17
20090205;11,902
20090206;11,75
20090209;11,727
20090210;10,887
20090211;9,907
20090212;9,568
20090213;10,07
20090216;9,802
20090217;10,082
20090218;11,295
20090219;12,614
20090220;11,634
20090223;11,249
20090224;10,922
20090225;11,365
20090226;12,369
20090227;11,774
20090302;11,739
20090303;12,812
20090304;13,582
20090305;13,174
20090306;12,637
20090309;13,594
20090310;14,014
20090311;13,641
20090312;13,851
20090313;14,341
20090316;14,679
20090317;15,122
20090318;14,492
20090319;13,734
20090320;13,162
20090323;13,932
20090324;13,15
20090325;12,404
20090326;12,777
20090327;13,057
20090330;13,069
20090331;13,711
20090401;14,259
20090402;14,166
20090403;14,609
20090406;14,831
20090407;14,481
20090408;14,924
20090409;15,624
20090414;16,628
20090415;16,254
20090416;16,254
20090417;16,114
20090420;15,321
20090421;15,426
20090422;15,834
20090423;15,683
20090424;16,033
20090427;15,881
20090428;15,683
20090429;16,021
20090430;16,639
20090501;16,803
20090504;17,246
20090505;16,534
20090506;17,036
20090507;17,328
20090508;18,145
20090511;18,518
20090512;17,631
20090513;17,188
20090514;16,849
20090515;16,429
20090518;16,779
20090519;17,071
20090520;17,748
20090521;17,503
20090522;17,701
20090525;17,701
20090526;17,515
20090527;17,76
20090528;17,701
20090529;17,398
20090601;17,701
20090602;17,456
20090603;16,674
20090604;16,593
20090605;16,476
20090608;15,589
20090609;15,391
20090610;15,543
20090611;15,659
20090612;15,227
20090615;14,457
20090616;15,122
20090617;15,087
20090618;15,041
20090619;15,578
20090622;15,111
20090623;15,192
20090624;15,543
20090625;15,718
20090626;15,636
20090629;15,823
20090630;15,473
20090701;15,449
20090702;15,286
20090703;15,204
20090706;15,227
20090707;15,368
20090708;15,659
20090709;16,103
20090710;16,336
20090713;17,129
20090714;16,639
20090715;16,931
20090716;16,954
20090717;16,441
20090720;16,523
20090721;16,896
20090722;16,791
20090723;16,838
20090724;16,698
20090727;16,488
20090728;16,103
20090729;15,881
20090730;16,033
20090731;15,998
20090803;16,814
20090804;17,048
20090805;16,733
20090806;16,744
20090807;16,709
20090810;16,569
20090811;16,546
20090812;16,756
20090813;16,744
20090814;16,791
20090817;16,919
20090818;17,246
20090819;17,421
20090820;17,666
20090821;17,97
20090824;17,76
20090825;17,748
20090826;17,748
20090827;17,701
20090828;17,736
20090831;17,421
20090901;17,258
20090902;17,573
20090903;17,935
20090904;17,748
20090907;17,888
20090908;18,028
20090909;17,69
20090910;17,608
20090911;17,001
20090914;16,219
20090915;16,663
20090916;16,418
20090917;15,893
20090918;15,928
20090921;16,301
20090922;16,033
20090923;15,566
20090924;14,924
20090925;15,286
20090928;15,764
20090929;15,286
20090930;15,589
20091001;15,426
20091002;15,227
20091005;15,309
20091006;16,021
20091007;15,881
20091008;15,659
20091009;16,079
20091012;16,663
20091013;16,709
20091014;16,849
20091015;16,593
20091016;16,499
20091019;16,849
20091020;17,013
20091021;17,468
20091022;16,873
20091023;16,791
20091026;16,733
20091027;16,639
20091028;16,616
20091029;17,211
20091030;16,966
20091102;16,966
20091103;16,791
20091104;16,756
20091105;16,768
20091106;16,301
20091109;16,184
20091110;16,009
20091111;15,776
20091112;15,531
20091113;15,648
20091116;16,033
20091117;15,578
20091118;15,753
20091119;15,624
20091120;15,251
20091123;15,286
20091124;14,737
20091125;15,029
20091126;15,087
20091127;15,379
20091130;15,333
20091201;15,741
20091202;15,834
20091203;16,161
20091204;16,476
20091207;17,27
20091208;16,476
20091209;16,568
20091210;16,557
20091211;16,764
20091214;16,81
20091215;16,81
20091216;16,522
20091217;15,659
20091218;15,625
20091221;14,324
20091222;14,624
20091223;14,957
20091224;14,658
20091229;14,566
20091230;14,612
20091231;14,417
20100104;15,061
20100105;14,612
20100106;14,278
20100107;14,647
20100108;14,957
20100111;15,164
20100112;14,808
20100113;15,061
20100114;15,648
20100115;15,348
20100118;15,774
20100119;15,889
20100120;15,383
20100121;15,245
20100122;15,107
20100125;15,475
20100126;15,659
20100127;15,418
20100128;15,118
20100129;14,796
20100201;14,635
20100202;14,658
20100203;14,67
20100204;15,21
20100205;15,268
20100208;15,82
20100209;15,59
20100210;15,256
20100211;15,176
20100212;14,9
20100215;15,107
20100216;15,314
20100217;14,854
20100218;14,911
20100219;14,405
20100222;14,704
20100223;14,647
20100224;15,026
20100225;14,842
20100226;14,957
20100301;15,337
20100302;15,302
20100303;15,579
20100304;15,095
20100305;15,302
20100308;15,072
20100309;15,107
20100310;15,222
20100311;14,946
20100312;14,842
20100315;15,061
20100316;14,934
20100317;15,003
20100318;15,084
20100319;15,095
20100322;15,118
20100323;14,865
20100324;14,704
20100325;14,566
20100326;14,865
20100329;14,693
20100330;14,773
20100331;14,762
20100401;15,061
20100406;15,464
20100407;15,567
20100408;15,602
20100409;15,763
20100412;15,774
20100413;15,763
20100414;16,361
20100415;16,28
20100416;16,591
20100419;16,752
20100420;16,925
20100421;16,867
20100422;16,867
20100423;17,201
20100426;17,937
20100427;17,546
20100428;17,235
20100429;17,661
20100430;18,34
20100503;19,007
20100504;18,317
20100505;18,409
20100506;18,628
20100507;17,88
20100510;17,558
20100511;18,052
20100512;18,11
20100513;18,202
20100514;18,006
20100517;17,373
20100518;17,592
20100519;16,936
20100520;16,913
20100521;17,086
20100524;17,742
20100525;17,489
20100526;18,064
20100527;17,822
20100528;17,385
20100531;17,385
20100601;17,419
20100602;17,569
20100603;17,558
20100604;17,65
20100607;17,512
20100608;18,052
20100609;18,133
20100610;17,788
20100611;17,972
20100614;18,271
20100615;18,167
20100616;17,914
20100617;18,075
20100618;18,144
20100621;18,225
20100622;17,65
20100623;17,684
20100624;17,546
20100625;17,742
20100628;17,753
20100629;17,512
20100630;17,558
20100701;17,546
20100702;17,673
20100705;17,707
20100706;17,466
20100707;17,086
20100708;16,568
20100709;16,856
20100712;16,188
20100713;15,935
20100714;16,119
20100715;16,05
20100716;16,407
20100719;16,752
20100720;16,372
20100721;16,039
20100722;16,395
20100723;16,119
20100726;15,567
20100727;15,786
20100728;15,832
20100729;16,131
20100730;16,28
20100802;16,672
20100803;16,603
20100804;16,488
20100805;16,499
20100806;16,372
20100809;16,764
20100810;16,683
20100811;16,568
20100812;16,603
20100813;16,672
20100816;16,58
20100817;16,672
20100818;16,568
20100819;17,166
20100820;17,339
20100823;17,051
20100824;17,212
20100825;17,707
20100826;17,558
20100827;17,592
20100830;17,788
20100831;17,569
20100901;17,707
20100902;18,156
20100903;18,11
20100906;18,087
20100907;18,11
20100908;17,96
20100909;17,845
20100910;17,581
20100913;17,604
20100914;17,569
20100915;17,742
20100916;17,558
20100917;17,615
20100920;17,281
20100921;17,155
20100922;17,293
20100923;17,132
20100924;17,604
20100927;17,707
20100928;18,029
20100929;18,006
20100930;17,73
20101001;17,673
20101004;17,569
20101005;17,914
20101006;17,914
20101007;17,799
20101008;17,914
20101011;18,225
20101012;18,121
20101013;17,983
20101014;17,88
20101015;17,776
20101018;17,696
20101019;17,293
20101020;17,431
20101021;17,097
20101022;17,339
20101025;17,442
20101026;17,258
20101027;17,373
20101028;17,155
20101029;16,833
20101101;16,902
20101102;16,925
20101103;16,902
20101104;16,545
20101105;16,695
20101108;16,384
20101109;16,453
20101110;16,672
20101111;17,074
20101112;17,143
20101115;17,385
20101116;16,833
20101117;17,12
20101118;17,189
20101119;17,212
20101122;17,35
20101123;17,281
20101124;17,431
20101125;17,35
20101126;17,35
20101129;17,201
20101130;16,982
20101201;17,074
20101202;16,879
20101203;16,971
20101206;17,109
20101207;17,017
20101208;16,879
20101209;16,718
20101210;16,787
20101213;16,73
20101214;16,64
20101215;16,494
20101216;16,404
20101217;16,088
20101220;15,998
20101221;15,976
20101222;16,133
20101223;15,863
20101224;15,874
20101229;16,088
20101230;15,953
20110103;16,043
20110104;16,257
20110105;16,37
20110106;16,55
20110107;16,482
20110110;16,032
20110111;16,122
20110112;16,054
20110113;16,088
20110114;16,325
20110117;16,404
20110118;16,46
20110119;16,201
20110120;16,19
20110121;16,313
20110124;16,437
20110125;16,787
20110126;16,798
20110127;16,595
20110128;16,629
20110131;16,877
20110201;16,742
20110202;16,877
20110203;16,55
20110204;16,573
20110207;16,494
20110208;16,573
20110209;16,539
20110210;16,55
20110211;16,775
20110214;16,775
20110215;16,663
20110216;16,663
20110217;16,843
20110218;16,888
20110221;17,192
20110222;17,294
20110223;17,226
20110224;17,35
20110225;17,384
20110228;17,485
20110301;17,463
20110302;17,609
20110303;17,406
20110304;17,823
20110307;17,868
20110308;17,902
20110309;17,891
20110310;17,767
20110311;17,722
20110314;18,702
20110315;19,389
20110316;19,434
20110317;18,916
20110318;19,4
20110321;18,984
20110322;19,062
20110323;19,108
20110324;18,634
20110325;18,984
20110328;19,479
20110329;19,186
20110330;19,209
20110331;19,468
20110401;19,412
20110404;19,502
20110405;19,288
20110406;19,333
20110407;19,119
20110408;19,153
20110411;18,882
20110412;18,691
20110413;18,747
20110414;18,916
20110415;19,288
20110418;18,781
20110419;18,95
20110420;19,13
20110421;19,006
20110426;19,029
20110427;19,265
20110428;19,389
20110429;19,31
20110502;19,626
20110503;19,378
20110504;19,254
20110505;19,119
20110506;19,209
20110509;19,209
20110510;19,108
20110511;18,972
20110512;19,051
20110513;18,837
20110516;19,029
20110517;18,747
20110518;18,691
20110519;18,589
20110520;18,465
20110523;18,195
20110524;18,432
20110525;18,454
20110526;18,42
20110527;19,029
20110530;19,029
20110531;19,141
20110601;18,927
20110602;18,871
20110603;18,961
20110606;18,803
20110607;18,758
20110608;18,601
20110609;18,781
20110610;18,758
20110613;18,803
20110614;18,589
20110615;18,308
20110616;18,139
20110617;17,632
20110620;17,204
20110621;16,674
20110622;16,651
20110623;15,063
20110624;13,812
20110627;14,612
20110628;15,198
20110629;14,657
20110630;15,243
20110701;14,962
20110704;15,108
20110705;15,266
20110706;14,849
20110707;14,646
20110708;14,286
20110711;13,621
20110712;13,97
20110713;13,508
20110714;13,869
20110715;14,004
20110718;13,767
20110719;13,97
20110720;14,421
20110721;14,77
20110722;14,635
20110725;14,567
20110726;14,488
20110727;13,981
20110728;14,105
20110729;13,779
20110801;13,519
20110802;13,227
20110803;12,877
20110804;12,72
20110805;12,066
20110808;12,1
20110809;12,866
20110810;13,069
20110811;13,812
20110812;14,038
20110815;14,049
20110816;13,959
20110817;14,432
20110818;13,914
20110819;14,083
20110822;14,162
20110823;14,556
20110824;14,849
20110825;14,669
20110826;14,86
20110829;15,007
20110830;15,209
20110831;14,59
20110901;14,533
20110902;14,207
20110905;13,97
20110906;13,745
20110907;14,026
20110908;13,812
20110909;13,407
20110912;13,418
20110913;13,565
20110914;13,79
20110915;13,959
20110916;13,7
20110919;13,328
20110920;13,429
20110921;13,317
20110922;12,787
20110923;12,81
20110926;12,28
20110927;12,19
20110928;11,83
20110929;12,314
20110930;12,1
20111003;11,458
20111004;11,379
20111005;11,525
20111006;11,796
20111007;11,784
20111010;12,077
20111011;12,021
20111012;12,055
20111013;11,604
20111014;11,728
20111017;11,649
20111018;11,604
20111019;11,289
20111020;11,48
20111021;11,672
20111024;11,875
20111025;11,728
20111026;11,401
20111027;11,751
20111028;11,739
20111031;11,458
20111101;11,12
20111102;10,692
20111103;10,917
20111104;10,613
20111107;11,21
20111108;11,379
20111109;11,142
20111110;11,063
20111111;11,401
20111114;11,334
20111115;11,3
20111116;11,12
20111117;10,872
20111118;10,534
20111121;10,027
20111122;10,252
20111123;9,509
20111124;8,889
20111125;8,686
20111128;9,002
20111129;8,99
20111130;9,407
20111201;8,934
20111202;8,81
20111205;8,236
20111206;8,247
20111207;8,123
20111208;8,607
20111209;8,833
20111212;8,502
20111213;7,946
20111214;7,327
20111215;7,679
20111216;7,626
20111219;7,882
20111220;9,527
20111221;8,929
20111222;8,63
20111223;8,779
20111228;8,299
20111229;7,754
20111230;7,818
20120103;7,049
20120104;7,017
20120105;7,177
20120106;7,049
20120109;7,263
20120110;7,615
20120111;7,519
20120112;7,679
20120113;7,466
20120116;7,188
20120117;7,188
20120118;7,316
20120119;7,818
20120120;7,765
20120123;7,594
20120124;8,021
20120125;8,106
20120126;8,267
20120127;8,747
20120130;8,299
20120131;8,587
20120201;9,036
20120202;9,335
20120203;9,078
20120206;9,292
20120207;9,335
20120208;8,907
20120209;8,544
20120210;8,459
20120213;8,181
20120214;8,662
20120215;8,929
20120216;9,612
20120217;9,901
20120220;9,367
20120221;9,826
20120222;9,794
20120223;9,463
20120224;10,072
20120227;10,157
20120228;9,634
20120229;9,142
20120301;9,474
20120302;9,666
20120305;9,442
20120306;9,121
20120307;9,185
20120308;9,014
20120309;8,64
20120312;8,384
20120313;8,331
20120314;8,683
20120315;8,555
20120316;8,299
20120319;8,32
20120320;7,669
20120321;7,936
20120322;7,337
20120323;7,498
20120326;7,466
20120327;7,754
20120328;7,669
20120329;7,316
20120330;7,604
20120402;6,771
20120403;6,932
20120404;6,633
20120405;7,273
20120410;7,38
20120411;7,519
20120412;7,669
20120413;7,743
20120416;7,38
20120417;7,658
20120418;7,818
20120419;7,957
20120420;7,946
20120423;7,669
20120424;7,679
20120425;7,637
20120426;7,839
20120427;7,861
20120430;8,117
20120501;8,085
20120502;7,711
20120503;7,647
20120504;7,156
20120507;7,177
20120508;7,316
20120509;7,252
20120510;7,22
20120511;7,305
20120514;7,135
20120515;7,017
20120516;7,07
20120517;7,017
20120518;6,889
20120521;7,177
20120522;7,476
20120523;7,263
20120524;7,37
20120525;7,38
20120528;7,263
20120529;7,092
20120530;6,942
20120531;6,793
20120601;6,91
20120604;6,91
20120605;6,91
20120606;6,889
20120607;6,985
20120608;7,145
20120611;7,156
20120612;7,188
20120613;7,263
20120614;7,402
20120615;7,818
20120618;7,925
20120619;8,117
20120620;8,021
20120621;8,085
20120622;8,726
20120625;8,608
20120626;8,608
20120627;8,512
20120628;8,534
20120629;8,843
20120702;8,705
20120703;8,907
20120704;8,865
20120705;8,929
20120706;8,619
20120709;8,555
20120710;8,491
20120711;8,438
20120712;8,181
20120713;8,171
20120716;8,085
20120717;8,203
20120718;7,637
20120719;7,348
20120720;7,626
20120723;7,615
20120724;7,69
20120725;7,327
20120726;7,455
20120727;7,391
20120730;7,038
20120731;7,402
20120801;7,444
20120802;7,562
20120803;7,594
20120806;7,69
20120807;7,818
20120808;7,733
20120809;7,637
20120810;7,701
20120813;8,01
20120814;8,181
20120815;8
20120816;8,235
20120817;8,235
20120820;8,171
20120821;8,459
20120822;8,576
20120823;8,715
20120824;8,726
20120827;8,715
20120828;8,523
20120829;8,245
20120830;8,213
20120831;8,63
20120903;8,822
20120904;8,769
20120905;8,811
20120906;8,822
20120907;8,95
20120910;8,373
20120911;8,277
20120912;8,491
20120913;8,341
20120914;7,957
20120917;7,904
20120918;7,968
20120919;8,074
20120920;8,203
20120921;7,968
20120924;7,765
20120925;7,989
20120926;8,149
20120927;8,395
20120928;8,502
20121001;8,491
20121002;8,406
20121003;8,106
20121004;8,16
20121005;8,341
20121008;8,459
20121009;8,427
20121010;8,245
20121011;8,341
20121012;8,363
20121015;8,213
20121016;8,544
20121017;8,843
20121018;8,63
20121019;8,512
20121022;8,448
20121023;8,416
20121024;8,192
20121025;8,213
20121026;8,427
20121029;8,63
20121030;8,705
20121031;8,801
20121101;8,598
20121102;8,662
20121105;8,822
20121106;8,918
20121107;8,79
20121108;8,843
20121109;8,897
20121112;9,698
20121113;8,982
20121114;8,459
20121115;7,615
20121116;7,37
20121119;7,167
20121120;7,199
20121121;7,231
20121122;7,252
20121123;7,487
20121126;7,305
20121127;7,316
20121128;7,295
20121129;7,028
20121130;6,622
20121203;6,355
20121204;6,109
20121205;6,568
20121206;6,825
20121207;7,241
20121210;7,549
20121211;7,293
20121212;7,2
20121213;7,118
20121214;7,015
20121217;6,882
20121218;7,118
20121219;7,426
20121220;7,58
20121221;7,406
20121224;7,313
20121227;7,241
20121228;6,892
20121231;6,851
20130102;6,748
20130103;6,574
20130104;6,512
20130107;6,841
20130108;6,646
20130109;6,379
20130110;6,214
20130111;6,081
20130114;6,06
20130115;6,235
20130116;5,803
20130117;5,762
20130118;5,249
20130121;5,084
20130122;5,598
20130123;4,776
20130124;4,448
20130125;4,222
20130128;4,293
20130129;4,098
20130130;3,903
20130131;3,513
20130201;4,458
20130204;4,437
20130205;4,54
20130206;4,293
20130207;4,314
20130208;4,673
20130211;4,602
20130212;4,704
20130213;5,372
20130214;5,392
20130215;5,331
20130218;5,259
20130219;4,807
20130220;5,115
20130221;5,444
20130222;5,331
20130225;4,694
20130226;4,417
20130227;4,591
20130228;5,033
20130301;4,797
20130304;4,756
20130305;4,345
20130306;4,396
20130307;4,437
20130308;4,376
20130311;4,057
20130312;3,831
20130313;3,616
20130314;3,8
20130315;3,883
20130318;3,646
20130319;3,605
20130320;4,078
20130321;4,54
20130322;4,263
20130325;4,612
20130326;4,745
20130327;5,084
20130328;4,941
20130402;5,074
20130403;5,054
20130404;5,177
20130405;5,331
20130408;5,341
20130409;4,91
20130410;4,417
20130411;4,468
20130412;4,899
20130415;4,889
20130416;3,174
20130417;2,825
20130418;3,153
20130419;3,246
20130422;2,968
20130423;3,164
20130424;3,102
20130425;3,051
20130426;3,194
20130429;3,41
20130430;3,205
20130501;2,989
20130502;3,174
20130503;3,883
20130506;4,016
20130507;3,842
20130508;3,585
20130509;3,893
20130510;3,472
20130513;3,359
20130514;3,616
20130515;3,739
20130516;3,8
20130517;3,636
20130520;3,698
20130521;3,657
20130522;3,41
20130523;3,492
20130524;3,657
20130527;3,595
20130528;3,749
20130529;3,852
20130530;3,924
20130531;4,057
20130603;4,026
20130604;4,067
20130605;4,016
20130606;4,109
20130607;4,232
20130610;4,15
20130611;4,314
20130612;4,622
20130613;4,53
20130614;4,899
20130617;4,704
20130618;4,828
20130619;4,509
20130620;4,55
20130621;4,499
20130624;4,232
20130625;4,396
20130626;4,54
20130627;4,55
20130628;4,324
20130701;4,355
20130702;4,406
20130703;4,817
20130704;4,673
20130705;4,406
20130708;4,355
20130709;4,283
20130710;4,16
20130711;4,201
20130712;4,15
20130715;4,16
20130716;4,242
20130717;4,242
20130718;4,242
20130719;4,304
20130722;4,324
20130723;4,376
20130724;4,417
20130725;4,417
20130726;4,448
20130729;4,448
20130730;4,406
20130731;4,458
20130801;4,468
20130802;4,519
20130805;4,55
20130806;4,643
20130807;4,581
20130808;4,653
20130809;4,581
20130812;4,448
20130813;4,427
20130814;4,489
20130815;4,489
20130816;4,489
20130819;4,458
20130820;4,478
20130821;4,499
20130822;4,653
20130823;4,561
20130826;4,55
20130827;4,673
20130828;4,735
20130829;4,725
20130830;4,694
20130902;4,632
20130903;4,54
20130904;4,694
20130905;5,115
20130906;5,475
20130909;5,475
20130910;5,29
20130911;5,423
20130912;5,783
20130913;5,557
20130916;5,629
20130917;5,834
20130918;5,68
20130919;5,505
20130920;5,505
20130923;5,577
20130924;5,536
20130925;5,547
20130926;5,639
20130927;5,536
20130930;5,177
20131001;5,29
20131002;5,423
20131003;5,341
20131004;5,249
20131007;5,105
20131008;5,002
20131009;4,93
20131010;4,899
20131011;4,745
20131014;4,951
20131015;5,095
20131016;5,485
20131017;5,321
20131018;5,269
20131021;4,715
20131022;4,838
20131023;4,745
20131024;4,797
20131025;5,146
20131028;4,961
20131029;5,228
20131030;5,105
20131031;4,941
20131101;4,745
20131104;4,684
20131105;4,93
20131106;4,91
20131107;4,93
20131108;4,612
20131111;4,735
20131112;4,776
20131113;4,776
20131114;4,715
20131115;4,622
20131118;4,468
20131119;4,54
20131120;4,612
20131121;4,53
20131122;4,55
20131125;4,519
20131126;4,612
20131127;4,591
20131128;4,55
20131129;4,478
20131202;4,622
20131203;4,602
20131204;4,602
20131205;4,766
20131206;4,92
20131209;5,03
20131210;5,15
20131211;5,01
20131212;5,02
20131213;4,92
20131216;4,79
20131217;5,01
20131218;4,99
20131219;5,03
20131220;4,87
20131223;4,88
20131224;5,01
20131227;5,03
20131230;5,02
20131231;4,95
20140102;4,83
20140103;4,81
20140106;4,72
20140107;4,76
20140108;4,65
20140109;4,58
20140110;4,6
20140113;4,7
20140114;4,91
20140115;4,9
20140116;5,15
20140117;5,15
20140120;5
20140121;5,11
20140122;5,2
20140123;5,1
20140124;5,34
20140127;5,45
20140128;5,6
20140129;5,57
20140130;5,78
20140131;5,59
20140203;5,91
20140204;5,91
20140205;6,16
20140206;6,54
20140207;6,52
20140210;6,49
20140211;6,33
20140212;6,44
20140213;6,47
20140214;6,68
20140217;6,9
20140218;6,84
20140219;7,01
20140220;7,08
20140221;7,23
20140224;7,1
20140225;6,31
20140226;6,58
20140227;6,59
20140228;7,15
20140303;6,7
20140304;6,9
20140305;6,86
20140306;6,88
20140307;6,98
20140310;6,97
20140311;6,9
20140312;6,58
20140313;6,51
20140314;6,37
20140317;5,95
20140318;5,83
20140319;6,06
20140320;6,08
20140321;6,25
20140324;5,93
20140325;5,93
20140326;5,87
20140327;5,24
20140328;4,4
20140331;4,7
20140401;5,1
20140402;4,89
20140403;4,91
20140404;4,74
20140407;5,03
20140408;4,91
20140409;4,99
20140410;5,17
20140411;5,37
20140414;5,29
20140415;5,59
20140416;5,51
20140417;5,6
20140422;5,73
20140423;5,72
20140424;5,77
20140425;5,12
20140428;5,26
20140429;5,46
20140430;5,46
20140501;5,46
20140502;5,24
20140505;5,27
20140506;5,28
20140507;5,18
20140508;5,19
20140509;5,3
20140512;5,36
20140513;5,34
20140514;5,16
20140515;4,83
20140516;4,85
20140519;4,75
20140520;4,89
20140521;5,17
20140522;5,21
20140523;5,17
20140526;5,14
20140527;5,22
20140528;5,25
20140529;5,25
20140530;5,1
20140602;5,19
20140603;5,48
20140604;5,44
20140605;5,58
20140606;5,48
20140609;5,57
20140610;5,53
20140611;5,4
20140612;5,59
20140613;5,71
20140616;5,68
20140617;5,75
20140618;5,7
20140619;5,59
20140620;5,7
20140623;5,84
20140624;5,79
20140625;5,75
20140626;5,75
20140627;5,81
20140630;5,86
20140701;6,05
20140702;6,11
20140703;6,03
20140704;5,69
20140707;5,58
20140708;5,77
20140709;5,83
20140710;5,7
20140711;5,76
20140714;5,9
20140715;5,96
20140716;6,06
20140717;6,17
20140718;6,02
20140721;6,08
20140722;6,19
20140723;6,19
20140724;6,07
20140725;6,15
20140728;6,21
20140729;6,05
20140730;6,15
20140731;6,23
20140801;6,29
20140804;6,25
20140805;6,22
20140806;6,23
20140807;5,96
20140808;5,99
20140811;6,15
20140812;6,13
20140813;6,25
20140814;6,25
20140815;6,4
20140818;6,36
20140819;6,46
20140820;6,44
20140821;6,37
20140822;6,38
20140825;6,35
20140826;6,32
20140827;6,38
20140828;6,46
20140829;6,41
20140901;6,42
20140902;6,41
20140903;6,34
20140904;6,13
20140905;6,28
20140908;6,29
20140909;6,14
20140910;6,1
20140911;6,12
20140912;6,06
20140915;5,93
20140916;5,81
20140917;5,9
20140918;5,99
20140919;6,03
20140922;6
20140923;5,67
20140924;5,82
20140925;5,82
20140926;5,93
20140929;5,77
20140930;5,84
20141001;5,81
20141002;5,69
20141003;5,68
20141006;5,68
20141007;5,73
20141008;6,05
20141009;6,12
20141010;6,04
20141013;6,06
20141014;6,08
20141015;6,15
20141016;6,21
20141017;6,13
20141020;6,14
20141021;6,18
20141022;6,23
20141023;6,34
20141024;6,41
20141027;6,29
20141028;6,16
20141029;6,42
20141030;6,42
20141031;6,35
20141103;6,58
20141104;6,49
20141105;6,65
20141106;6,63
20141107;6,76
20141110;6,72
20141111;6,8
20141112;6,85
20141113;6,79
20141114;6,62
20141117;6,9
20141118;7,02
20141119;7,04
20141120;6,96
20141121;7
20141124;7,05
20141125;7,12
20141126;7,19
20141127;7,09
20141128;7,04
20141201;7,07
20141202;6,85
20141203;6,89
20141204;6,84
20141205;6,66
20141208;6,66
20141209;6,74
20141210;6,65
20141211;6,83
20141212;6,75
20141215;6,98
20141216;7
20141217;7,07
20141218;7,12
20141219;7,16
20141222;7,19
20141223;7,34
20141224;7,46
20141229;7,34
20141230;7,3
20141231;7,34
20150102;7,09
20150105;6,99
20150106;6,86
20150107;6,87
20150108;6,9
20150109;6,8
20150112;6,8
20150113;7,38
20150114;7,25
20150115;7,21
20150116;7,22
20150119;7,3
20150120;7,25
20150121;7,41
20150122;6,84
20150123;6,88
20150126;6,93
20150127;6,91
20150128;7,02
20150129;7,12
20150130;7,15
20150202;7,2
20150203;7,13
20150204;7
20150205;7,07
20150206;7,02
20150209;6,99
20150210;7,18
20150211;7,31
20150212;7,47
20150213;7,71
20150216;7,72
20150217;7,54
20150218;7,56
20150219;7,41
20150220;7,38
20150223;7,76
20150224;7,52
20150225;7,45
20150226;7,12
20150227;7,15
20150302;7
20150303;6,78
20150304;7,08
20150305;6,8
20150306;6,85
20150309;6,73
20150310;6,87
20150311;6,81
20150312;6,46
20150313;6,51
20150316;6,54
20150317;6,78
20150318;6,79
20150319;6,72
20150320;7,09
20150323;7,09
20150324;7,08
20150325;7,01
20150326;6,99
20150327;6,81
20150330;6,93
20150331;6,97
20150401;7,19
20150402;7,19
20150407;7,15
20150408;7,16
20150409;7,05
20150410;6,98
20150413;6,84
20150414;6,84
20150415;6,89
20150416;6,91
20150417;6,88
20150420;7,17
20150421;7,12
20150422;7,12
20150423;7,29
20150424;7,32
20150427;7,19
20150428;7,39
20150429;7,5
20150430;7,43
20150501;7,52
20150504;7,62
20150505;7,59
20150506;7,57
20150507;7,47
20150508;7,57
20150511;7,66
20150512;7,63
20150513;7,68
20150514;7,59
20150515;7,62
20150518;7,63
20150519;7,4
20150520;7,38
20150521;7,33
20150522;7,34
20150525;7,39
20150526;7,26
20150527;7,21
20150528;7,22
20150529;7,36
20150601;7,28
20150602;7,48
20150603;7,52
20150604;7,43
20150605;7,44
20150608;7,48
20150609;7,6
20150610;7,62
20150611;7,54
20150612;7,64
20150615;7,55
20150616;7,45
20150617;7,5
20150618;7,48
20150619;7,44
20150622;7,5
20150623;7,52
20150624;7,51
20150625;7,61
20150626;7,55
20150629;7,37
20150630;7,46
20150701;7,5
20150702;7,46
20150703;7,45
20150706;7,39
20150707;7,47
20150708;7,46
20150709;7,49
20150710;7,62
20150713;7,8
20150714;7,74
20150715;7,77
20150716;7,67
20150717;7,75
20150720;7,99
20150721;7,97
20150722;7,97
20150723;8,09
20150724;8,02
20150727;8,03
20150728;8,03
20150729;8,07
20150730;7,89
20150731;7,88
20150803;7,96
20150804;7,91
20150805;7,84
20150806;7,85
20150807;7,79
20150810;7,93
20150811;8,1
20150812;8,2
20150813;8,2
20150814;8,33
20150817;8,25
20150818;8,28
20150819;8,35
20150820;8,37
20150821;8,21
20150824;8,18
20150825;8,26
20150826;8,11
20150827;8,05
20150828;8,12
20150831;8,08
20150901;8,02
20150902;8,13
20150903;8,18
20150904;8,1
20150907;8,09
20150908;8,25
20150909;8,28
20150910;8,29
20150911;8,27
20150914;8,24
20150915;8,18
20150916;8,24
20150917;8,24
20150918;8,12
20150921;7,99
20150922;8,03
20150923;8,08
20150924;8,01
20150925;8
20150928;7,92
20150929;7,98
20150930;8,15
20151001;8,17
20151002;8,15
20151005;8,21
20151006;8,22
20151007;8,11
20151008;8,13
20151009;8,35
20151012;8,3
20151013;8,33
20151014;8,44
20151015;8,43
20151016;8,39
20151019;8,35
20151020;8,47
20151021;8,45
20151022;8,48
20151023;8,63
20151026;8,66
20151027;8,61
20151028;8,57
20151029;8,68
20151030;8,64
20151102;8,6
20151103;8,45
20151104;8,4
20151105;8,47
20151106;8,41
20151109;8,32
20151110;8,44
20151112;8,37
20151113;8,39
20151116;8,53
20151117;8,61
20151118;8,58
20151119;8,63
20151120;8,51
20151123;8,56
20151124;8,65
20151125;8,62
20151126;8,58
20151127;8,58
20151130;8,58
20151201;8,56
20151202;8,48
20151203;8,59
20151204;8,52
20151207;8,41
20151208;8,41
20151209;8,48
20151210;8,43
20151211;8,14
20151214;8,15
20151215;8,26
20151216;8,2
20151217;8,14
20151218;8,13
20151221;8,26
20151222;8,32
20151223;8,29
20151228;8,38
20151229;8,34
20151230;8,28
20160104;8,11
20160105;8,06
20160106;7,81
20160107;7,6
20160108;7,46
20160111;7,17
20160112;7,15
20160113;7,29
20160114;7,13
20160115;6,72
20160118;6,76
20160119;6,86
20160120;6,36
20160121;6,21
20160122;6,36
20160125;5,91
20160126;6,1
20160127;5,93
20160128;6,09
20160129;6,07
20160201;5,71
20160202;5,84
20160203;5,64
20160204;5,62
20160205;5,57
20160208;5,25
20160209;4,97
20160210;4,89
20160211;4,75
20160212;5,07
20160215;4,81
20160216;4,7
20160217;5,1
20160218;5,26
20160219;5,17
20160222;5,42
20160223;4,91
20160224;4,87
20160225;5,08
20160226;5
20160229;5,01
20160301;5
20160302;4,97
20160303;4,9
20160304;4,93
20160307;5,1
20160308;5,03
20160309;5,09
20160310;4,92
20160311;5
20160314;4,88
20160315;4,87
20160316;4,97
20160317;5,01
20160318;4,95
20160321;4,88
20160322;4,83
20160323;4,81
20160324;4,86
20160329;4,79
20160330;4,97
20160331;5,22
20160401;5,18
20160404;5,33
20160405;5,24
20160406;5,31
20160407;5,28
20160408;5,42
20160411;5,58
20160412;5,59
20160413;5,54
20160414;5,61
20160415;5,48
20160418;5,47
20160419;5,57
20160420;5,55
20160421;5,75
20160422;5,97
20160425;5,9
20160426;6,62
20160427;6,84
20160428;6,34
20160429;6,18
20160502;6,11
20160503;5,99
20160504;6,13
20160505;6,2
20160506;5,86
20160509;5,7
20160510;5,9
20160511;6,02
20160512;5,81
20160513;5,85
20160516;6,11
20160517;6,05
20160518;6,06
20160519;6
20160520;5,97
20160523;5,74
20160524;5,8
20160525;5,87
20160526;6,03
20160527;6,04
20160530;6,12
20160531;6,1
20160601;5,97
20160602;6,03
20160603;5,95
20160606;6,21
20160607;6,12
20160608;6,11
20160609;6,12
20160610;5,96
20160613;5,86
20160614;5,86
20160615;5,91
20160616;5,71
20160617;5,67
20160620;5,86
20160621;5,56
20160622;5,69
20160623;5,65
20160624;4,96
20160627;4,77
20160628;4,69
20160629;4,52
20160630;4,47
20160701;4,62
20160704;4,97
20160705;4,71
20160706;4,59
20160707;4,58
20160708;4,55
20160711;4,43
20160712;4,63
20160713;4,79
20160714;4,78
20160715;4,93
20160718;4,85
20160719;4,67
20160720;4,69
20160721;4,66
20160722;4,57
20160725;4,6
20160726;4,52
20160727;4,54
20160728;4,49
20160729;4,43
20160801;4,38
20160802;4,42
20160803;4,64
20160804;4,7
20160805;4,73
20160808;4,95
20160809;4,88
20160810;4,77
20160811;4,88
20160812;4,9
20160815;4,81
20160816;4,7
20160817;4,49
20160818;4,69
20160819;4,77
20160822;4,9
20160823;4,71
20160824;4,61
20160825;4,71
20160826;4,7
20160829;4,7
20160830;4,55
20160831;4,47
20160901;4,38
20160902;4,08
20160905;3,93
20160906;4,13
20160907;4,01
20160908;4,08
20160909;4,08
20160912;4,03
20160913;4,03
20160914;3,98
20160915;4,14
20160916;4,36
20160919;4,4
20160920;4,16
20160921;4,21
20160922;4,42
20160923;4,54
20160926;4,62
20160927;4,43
20160928;4,95
20160929;5,02
20160930;4,96
20161003;5,31
20161004;5,21
20161005;5,48
20161006;5,86
20161007;5,69
20161010;5,66
20161011;5,43
20161012;5,52
20161013;5,65
20161014;5,81
20161017;5,87
20161018;5,95
20161019;5,67
20161020;5,58
20161021;5,89
20161024;5,81
20161025;5,81
20161026;5,94
20161027;5,81
20161028;5,88
20161031;5,9
20161101;6,03
20161102;6,24
20161103;6,5
20161104;6,41
20161107;6,23
20161108;6,15
20161109;6,13
20161110;5,92
20161111;5,67
20161114;5,41
20161115;5,74
20161116;5,55
20161117;5,9
20161118;5,58
20161121;5,48
20161122;5,51
20161123;5,39
20161124;5,34
20161125;5
20161128;4,74
20161129;4,56
20161130;4,58
20161201;4,46
20161202;4,3
20161205;4,37
20161206;4,5
20161207;4,3
20161208;4,61
20161209;4,46
20161212;4,87
20161213;4,79
20161214;5,04
20161215;4,86
20161216;4,95
20161219;5,12
20161220;5,25
20161221;5,82
20161222;6,09
20161223;6,24
20161227;6,34
20161228;6,34
20161229;6,37
20161230;6,57
20170103;5,44
20170104;5,73
20170105;5,3
20170106;5,05
20170109;5,28
20170110;5,52
20170111;5,53
20170112;5,05
20170113;5,05
20170116;4,7
20170117;5
20170118;4,84
20170119;5,2
20170120;5,43
20170123;5,33
20170124;5,09
20170125;4,98
20170126;5,2
20170127;4,92
20170130;5,17
20170131;5,36
20170201;5,28
20170202;5,23
20170203;5,16
20170206;5,1
20170207;5,17
20170208;5,22
20170209;5,29
20170210;5,12
20170213;4,9
20170214;5,13
20170215;5,07
20170216;4,94
20170217;4,98
20170220;5,09
20170221;5,05
20170222;5,07
20170223;5,35
20170224;5,39
20170227;5,2
20170228;5,24
20170301;5,91
20170302;5,47
20170303;5,6
20170306;5,49
20170307;5,38
20170308;5,24
20170309;5,13
20170310;5,17
20170313;5,16
20170314;5,11
20170315;5,2
20170316;5,15
20170317;5,14
20170320;4,99
20170321;4,94
20170322;4,97
20170323;4,98
20170324;4,77
20170327;4,63
20170328;4,74
20170329;4,76
20170330;4,92
20170331;4,69
20170403;4,87
20170404;4,65
20170405;4,82
20170406;5,06
20170407;4,89
20170410;4,79
20170411;4,87
20170412;4,93
20170413;4,95
20170418;4,86
20170419;4,83
20170420;4,75
20170421;4,57
20170424;4,64
20170425;4,5
20170426;4,61
20170427;4,55
20170428;4,57
20170502;4,45
20170503;4,4
20170504;4,52
20170505;4,58
20170508;4,42
20170509;4,52
20170510;4,45
20170511;4,35
20170512;4,46
20170515;4,39
20170516;4,54
20170517;4,58
20170518;4,76
20170519;4,85
20170522;4,91
20170523;4,75
20170524;4,91
20170525;4,98
20170526;5,19
20170529;5,17
20170530;5,14
20170531;4,98
20170601;5,08
20170602;5,16
20170605;5,17
20170606;4,97
20170607;4,88
20170608;5,05
20170609;5,04
20170612;4,92
20170613;5,01
20170614;4,94
20170615;4,96
20170616;4,88
20170619;4,93
20170620;4,95
20170621;4,88
20170622;4,86
20170623;4,87
20170626;4,78
20170627;4,94
20170628;4,94
20170629;5,07
20170630;5,03
20170703;5,14
20170704;5,12
20170705;5,04
20170706;5,24
20170707;5,34
20170710;5,4
20170711;5,33
20170712;5,48
20170713;5,36
20170714;5,42
20170717;5,44
20170718;5,46
20170719;5,39
20170720;5,3
20170721;5,09
20170724;5,14
20170725;5,16
20170726;5,25
20170727;5,14
20170728;5,18
20170731;5,23
20170801;5,3
20170802;5,43
20170803;5,43
20170804;5,35
20170807;5,27
20170808;5,27
20170809;5,37
20170810;5,37
20170811;5,39
20170814;5,52
20170815;5,53
20170816;5,8
20170817;5,81
20170818;5,82
20170821;5,75
20170822;5,78
20170823;5,95
20170824;5,95
20170825;6,09
20170828;6,1
20170829;6,04
20170830;6,03
20170831;5,94
20170901;5,83
20170904;5,92
20170905;6,5
20170906;6,7
20170907;6,9
20170908;7,07
20170911;6,88
20170912;6,87
20170913;7,1
20170914;7,1
20170915;6,95
20170918;6,73
20170919;7,03
20170920;6,91
20170921;6,56
20170922;6,65
20170925;7,28
20170926;6,98
20170927;6,93
20170928;6,96
20170929;7,07
20171002;6,94
20171003;7
20171004;6,9
20171005;6,89
20171006;7
20171009;6,96
20171010;7,39
20171011;7,38
20171012;7,41
20171013;7,32
20171016;7,36
20171017;7,42
20171018;7,81
20171019;7,65
20171020;7,57
20171023;7,44
20171024;7,47
20171025;7,4
20171026;7,2
20171027;7,17
20171030;7,14
20171031;7,37
20171101;7,51
20171102;7,66
20171103;7,88
20171106;7,92
20171107;7,75
20171108;7,72
20171109;7,55
20171110;7,4
20171113;7,35
20171114;7,39
20171115;7,69
20171116;7,5
20171117;7,48
20171120;7,44
20171121;7,39
20171122;7,37
20171123;7,66
20171124;7,77
20171127;7,7
20171128;7,59
20171129;7,7
20171130;7,53
20171201;7,68
20171204;7,55
20171205;7,43
20171206;7,27
20171207;7,35
20171208;7,14
20171211;7,2
20171212;7,14
20171213;7,11
20171214;7,13
20171215;7,21
20171218;7,43
20171219;7,54
20171220;7,81
20171221;8,02
20171222;8,19
20171226;8,19
20171227;8,17
20171228;8,21
20171229;8,18
20180102;7,81
20180103;7,83
20180104;7,77
20180105;7,78
20180108;7,66
20180109;7,78
20180110;7,89
20180111;7,82
20180112;7,86
20180115;7,8
20180116;8,05
20180117;8,18
20180118;8,49
20180119;8,76
20180122;8,75
20180123;9,01
20180124;9,46
20180125;9,24
20180126;9,09
20180129;9
20180130;8,88
20180131;9,28
20180201;9,27
20180202;8,96
20180205;9,07
20180206;8,8
20180207;8,99
20180208;9,12
20180209;9,23
20180212;9,48
20180213;9,9
20180214;9,6
20180215;9,54
20180216;9,52
20180219;9,88
20180220;9,72
20180221;9,56
20180222;9,72
20180223;9,81
20180226;9,63
20180227;10,15
20180228;10,1
20180301;9,99
20180302;10,14
20180305;10,36
20180306;10,47
20180307;10,64
20180308;11,12
20180309;11,12
20180312;11,08
20180313;11,4
20180314;11,18
20180315;11,19
20180316;11,17
20180319;11,06
20180320;11,55
20180321;12,65
20180322;12,34
20180323;12,61
20180326;12,99
20180327;13,68
20180328;12,99
20180329;13,28
20180403;13,3
20180404;13,06
20180405;12,64
20180406;12,99
20180409;13,33
20180410;13,38
20180411;13,43
20180412;13,59
20180413;13,94
20180416;14
20180417;13,74
20180418;13,89
20180419;13,46
20180420;13,05
20180423;12,89
20180424;13,23
20180425;13,26
20180426;13,49
20180427;13,56
20180430;13,59
20180501;13,39
20180502;13,06
20180503;12,96
20180504;13,02
20180507;13,62
20180508;13,6
20180509;14
20180510;14,61
20180511;14,63
20180514;14,64
20180515;14,32
20180516;15,18
20180517;15,3
20180518;15,25
20180521;15,56
20180522;15,95
20180523;16,01
20180524;16,29
20180525;16
20180528;16,31
20180529;16,3
20180530;15,84
20180531;14,91
20180601;15,29
20180604;16,13
20180605;15,77
20180606;15,93
20180607;16
20180608;15,82
20180611;15,49
20180612;15,15
20180613;15,31
20180614;14,91
20180615;14,53
20180618;14,6
20180619;14,24
20180620;14,5
20180621;14,81
20180622;15,12
20180625;15,03
20180626;15,03
20180627;15,26
20180628;15
20180629;14,99
20180702;15,07
20180703;15,1
20180704;15,52
20180705;15,68
20180706;15,7
20180709;16
20180710;16,05
20180711;16,32
20180712;16,09
20180713;16,06
20180716;15,93
20180717;16,08
20180718;16,41
20180719;16,86
20180720;17,07
20180723;17,39
20180724;17,1
20180725;17,34
20180726;17,29
20180727;17,12
20180730;17,05
20180731;17,4
20180801;17,78
20180802;17,64
20180803;17,68
20180806;17,57
20180807;17,51
20180808;17,4
20180809;17,6
20180810;17,89
20180813;18,06
20180814;18,16
20180815;18,09
20180816;17,99
20180817;18,14
20180820;18,49
20180821;19,31
20180822;19,8
20180823;20,38
20180824;20,69
20180827;21,3
20180828;20,69
20180829;21,06
20180830;21,16
20180831;21,09
20180903;20,17
20180904;20,18
20180905;20,37
20180906;21,47
20180907;23,22
20180910;25,23
20180911;24,18
20180912;22,95
20180913;18,9
20180914;19,97
20180917;20,94
20180918;20,23
20180919;21,47
20180920;22,03
20180921;22,13
20180924;22,43
20180925;21,25
20180926;20,24
20180927;20,83
20180928;21,21
20181001;21,37
20181002;20,98
20181003;21,18
20181004;21,34
20181005;22,16
20181008;21,94
20181009;20,79
20181010;19,46
20181011;19,87
20181012;20,37
20181015;18,58
20181016;19,29
20181017;19,27
20181018;19,74
20181019;19,71
20181022;19
20181023;19,23
20181024;19,61
20181025;19,08
20181026;18,28
20181029;16,68
20181030;16,02
20181031;16,36
20181101;15,62
20181102;17,08
20181105;17,23
20181106;17,57
20181107;18,62
20181108;19,56
20181109;19,5
20181112;20,5
20181113;20,14
20181114;19,73
20181115;19
20181116;19,11
20181119;18,93
20181120;19,46
20181121;20,49
20181122;20,92
20181123;20,21
20181126;19,83
20181127;19,6
20181128;19,29
20181129;20,02
20181130;20,5
20181203;20,63
20181204;20,73
20181205;19,67
20181206;19,99
20181207;20,29
20181210;20,86
20181211;20,16
20181212;21,47
20181213;22,67
20181214;23,72
20181217;24,6
20181218;24,33
20181219;24,62
20181220;24,47
20181221;24,92
20181224;25,18
20181227;25,01
20181228;24,98
20181231;25,01
20190102;25,31
20190103;23,32
20190104;23,73
20190107;22,25
20190108;22,84
20190109;22,03
20190110;22,11
20190111;22,74
20190114;22,55
20190115;22,62
20190116;23,4
20190117;23,67
20190118;24,86
20190121;24,47
20190122;25,21
20190123;24,72
20190124;24,07
20190125;23,93
20190128;22,77
20190129;23,39
20190130;23,06
20190131;22,3
20190201;21,99
20190204;23,06
20190205;23,17
20190206;23,7
20190207;23,48
20190208;22,37
20190211;22,4
20190212;20,7
20190213;20,94
20190214;19,78
20190215;20,42
20190218;20,01
20190219;20,21
20190220;20,48
20190221;18,8
20190222;18,94
20190225;19,24
20190226;19,66
20190227;21,27
20190228;21,69
20190301;22,28
20190304;23,13
20190305;22,94
20190306;22,13
20190307;23,27
20190308;23,02
20190311;22,28
20190312;22,33
20190313;22,28
20190314;22,74
20190315;22,47
20190318;21,82
20190319;21,12
20190320;21,64
20190321;20,94
20190322;20,67
20190325;20,94
20190326;21,54
20190327;21,85
20190328;22,26
20190329;21,54
20190401;21,91
20190402;22,01
20190403;23,16
20190404;24,44
20190405;24,6
20190408;24,31
20190409;25,53
20190410;26,13
20190411;27,32
20190412;26,58
20190415;26,81
20190416;27
20190417;27,46
20190418;26,89
20190423;27,53
20190424;27,4
20190425;27,28
20190426;25,85
20190429;26,38
20190430;26,29
20190501;25,78
20190502;24,7
20190503;25,2
20190506;25,33
20190507;26,4
20190508;26,91
20190509;26,5
20190510;25,62
20190513;25,03
20190514;25,89
20190515;25,97
20190516;25,57
20190517;25
20190520;25,2
20190521;25,38
20190522;26,37
20190523;26,06
20190524;25,47
20190527;25,59
20190528;25,48
20190529;25,53
20190530;25,3
20190531;24,46
20190603;23,74
20190604;24,56
20190605;24,25
20190606;23,98
20190607;24,51
20190610;25,2
20190611;24,98
20190612;24,82
20190613;24,96
20190614;25,05
20190617;25,02
20190618;25,12
20190619;24,96
20190620;25,1
20190621;25,3
20190624;26,37
20190625;26,41
20190626;27,39
20190627;26,89
20190628;26,28
20190701;26,92
20190702;26,72
20190703;26,51
20190704;26,01
20190705;26,38
20190708;26,81
20190709;26,56
20190710;28,19
20190711;28,29
20190712;28,79
20190715;29,05
20190716;28,47
20190717;28,47
20190718;27,78
20190719;28,89
20190722;28,99
20190723;29,81
20190724;29,19
20190725;29,02
20190726;28,29
20190729;28,42
20190730;27,9
20190731;27,98
20190801;29,45
20190802;29,26
20190805;28,7
20190806;28,41
20190807;28,28
20190808;28,53
20190809;28,12
20190812;26,7
20190813;27,1
20190814;26,91
20190815;25,98
20190816;25,96
20190819;26,56
20190820;26,25
20190821;26,02
20190822;25,66
20190823;25,1
20190826;25,83
20190827;25,41
20190828;26,01
20190829;26,46
20190830;26,32
20190902;25,19
20190903;25,23
20190904;25,52
20190905;25,53
20190906;25,08
20190909;25,02
20190910;26,72
20190911;26,27
20190912;26,43
20190913;26,38
20190916;27,04
20190917;26,22
20190918;25,45
20190919;25,95
20190920;26,53
20190923;25,8
20190924;25,54
20190925;25,21
20190926;25,64
20190927;25,3
20190930;24,72
20191001;25,04
20191002;24,19
20191003;23,24
20191004;22,94
20191007;23,41
20191008;22,53
20191009;22,65
20191010;23,26
20191011;24,44
20191014;24,15
20191015;25,71
20191016;26,3
20191017;26,06
20191018;25,88
20191021;25,93
20191022;25,66
20191023;24,75
20191024;25,44
20191025;24,97
20191028;25,12
20191029;25,45
20191030;26
20191031;25,61
20191101;25,29
20191104;25,63
20191105;25,51
20191106;24,79
20191107;24,94
20191108;24,84
20191111;24,93
20191112;24,12
20191113;24,39
20191114;23,96
20191115;23,85
20191118;23,39
20191119;23,44
20191120;24,03
20191121;23,94
20191122;24,58
20191125;24,44
20191126;24,38
20191127;25,11
20191128;25,01
20191129;25,22
20191202;24,33
20191203;24
20191204;24,74
20191205;24,69
20191206;24,94
20191209;25,13
20191210;24,94
20191211;24,48
20191212;25,07
20191213;24,17
20191216;25,01
20191217;26,07
20191218;26,58
20191219;26,85
20191220;26,67
20191223;26,54
20191224;26,08
20191227;26,7
20191230;25,09
20200102;24,39
20200103;24,98
20200106;24,23
20200107;24,55
20200108;24,08
20200109;24,67
20200110;24,21
20200113;24,14
20200114;23,84
20200115;24,51
20200116;24,85
20200117;25,44
20200120;25,17
20200121;24,92
20200122;25,01
20200123;24,7
20200124;24,38
20200127;24,59
20200128;24,65
20200129;23,99
20200130;23,74
20200131;23,88
20200203;23,21
20200204;23,36
20200205;23,77
20200206;23,56
20200207;23,32
20200210;23,16
20200211;23,3
20200212;23,88
20200213;24,4
20200214;24,29
20200217;25,05
20200218;25,14
20200219;25,71
20200220;25,64
20200221;25,61
20200224;24,57
20200225;24,18
20200226;24,26
20200227;23,6
20200228;23,61
20200302;23,52
20200303;23,36
20200304;23,83
20200305;23,81
20200306;23,42
20200309;23,28
20200310;24,1
20200311;23,92
20200312;22,52
20200313;21,94
20200316;19,47
20200317;18,31
20200318;15,3
20200319;16,39
20200320;16,11
20200323;15,54
20200324;16,78
20200325;17,51
20200326;17,35
20200327;16,39
20200330;17,06
20200331;17,68
20200401;17,08
20200402;18,06
20200403;17,96
20200406;20,4
20200407;20,51
20200408;21,14
20200409;21,08
20200414;19,81
20200415;19,25
20200416;20,94
20200417;21,7
20200420;21,38
20200421;19,85
20200422;20,66
20200423;21,03
20200424;20,74
20200427;20,28
20200428;20,21
20200429;20,19
20200430;19,57
20200501;18,97
20200504;19,35
20200505;19,09
20200506;19
20200507;19,54
20200508;19,35
20200511;19,07
20200512;18,52
20200513;18,67
20200514;18,84
20200515;19,17
20200518;20,34
20200519;19,97
20200520;21,26
20200521;21,18
20200522;21,4
20200525;21,59
20200526;21,6
20200527;21,33
20200528;21,26
20200529;21,4
20200601;20,97
20200602;22,07
20200603;22,08
20200604;22,21
20200605;23,24
20200608;22,71
20200609;22,48
20200610;22,91
20200611;22,27
20200612;22
20200615;22,16
20200616;22,78
20200617;22,75
20200618;24,47
20200619;24,16
20200622;24,53
20200623;25,41
20200624;25,4
20200625;25,18
20200626;24,73
20200629;26,63
20200630;26,97
20200701;27,71
20200702;27,37
20200703;27,91
20200706;29,7
20200707;29,39
20200708;29,32
20200709;28,61
20200710;29,02
20200713;29,35
20200714;29,64
20200715;28,85
20200716;26,61
20200717;27,82
20200720;26,17
20200721;26,61
20200722;26,63
20200723;27,33
20200724;26,37
20200727;25,01
20200728;25,74
20200729;26,19
20200730;25,54
20200731;26,28
20200803;26,13
20200804;26,83
20200805;26,77
20200806;26,39
20200807;26,42